Gene	Test	Num_Species	Num_Sites	max_branch_len	long_branch_warning	LRT_statistic	df	pval	pval_adj (FDR)	significant
BPIFA2	M1a_vs_M2a	11	684	1.25032	True	15.771	2	0.0004	0.0015751412429378532	True
BPIFA2	M7_vs_M8	11	684	1.25032	True	21.537	2	0.0	0.0	True
CCL20	M1a_vs_M2a	11	270	0.634532	False	0.107	2	0.9481	1.0	False
CCL20	M7_vs_M8	11	270	0.634532	False	2.702	2	0.2589	0.46586580645161296	False
CXCL16	M1a_vs_M2a	12	681	0.835108	False	21.381	2	0.0	0.0	True
CXCL16	M7_vs_M8	12	681	0.835108	False	30.421	2	0.0	0.0	True
CD3E	M1a_vs_M2a	12	510	1.182783	True	48.898	2	0.0	0.0	True
CD3E	M7_vs_M8	12	510	1.182783	True	58.749	2	0.0	0.0	True
FCER1A	M1a_vs_M2a	14	693	0.540509	False	39.859	2	0.0	0.0	True
FCER1A	M7_vs_M8	14	693	0.540509	False	50.757	2	0.0	0.0	True
LAIR1	M1a_vs_M2a	11	546	1.427969	True	27.94	2	0.0	0.0	True
LAIR1	M7_vs_M8	11	546	1.427969	True	43.192	2	0.0	0.0	True
KLRB1	M1a_vs_M2a	9	450	0.412664	False	17.607	2	0.0002	0.0008272997032640949	True
KLRB1	M7_vs_M8	9	450	0.412664	False	24.717	2	0.0	0.0	True
IL4	M1a_vs_M2a	14	345	1.447105	True	0.0	2	1.0	1.0	False
IL4	M7_vs_M8	14	345	1.447105	True	1.978	2	0.372	0.6347221542227662	False
LY96	M1a_vs_M2a	13	435	0.472614	False	11.512	2	0.0032	0.009934966592427617	True
LY96	M7_vs_M8	13	435	0.472614	False	20.117	2	0.0	0.0	True
TNFSF4	M1a_vs_M2a	14	519	0.767126	False	2.429	2	0.2968	0.5250497461928934	False
TNFSF4	M7_vs_M8	14	519	0.767126	False	7.819	2	0.0201	0.04959185840707964	True
NCR1	M1a_vs_M2a	12	771	0.516864	False	0.0	2	1.0	1.0	False
NCR1	M7_vs_M8	12	771	0.516864	False	7.439	2	0.0242	0.058364705882352944	False
DEFB121	M1a_vs_M2a	10	180	0.44457	False	4.086	2	0.1296	0.25409620253164555	False
DEFB121	M7_vs_M8	10	180	0.44457	False	5.47	2	0.0649	0.138334250764526	False
EIF2AK2	M1a_vs_M2a	15	1371	0.61	False	126.703	2	0.0	0.0	True
EIF2AK2	M7_vs_M8	15	1371	0.61	False	147.041	2	0.0	0.0	True
DEFB127	M1a_vs_M2a	10	264	1.020022	True	5.148	2	0.0762	0.15898684603886398	False
DEFB127	M7_vs_M8	10	264	1.020022	True	7.501	2	0.0235	0.056774696707105714	False
MCEMP1	M1a_vs_M2a	13	345	1.764512	True	0.974	2	0.6145	0.9767537058152794	False
MCEMP1	M7_vs_M8	13	345	1.764512	True	6.562	2	0.0376	0.08578461538461539	False
IL36B	M1a_vs_M2a	8	456	0.693656	False	9.233	2	0.0099	0.026745348837209304	True
IL36B	M7_vs_M8	8	456	0.693656	False	9.753	2	0.0076	0.02102063492063492	True
DEFB114	M1a_vs_M2a	10	186	0.944439	False	10.22	2	0.006	0.01720987654320988	True
DEFB114	M7_vs_M8	10	186	0.944439	False	15.744	2	0.0004	0.0015751412429378532	True
IFNG	M1a_vs_M2a	15	435	0.709566	False	1.247	2	0.536	0.8759484173505275	False
IFNG	M7_vs_M8	15	435	0.709566	False	6.67	2	0.0356	0.08216291390728477	False
TREM1	M1a_vs_M2a	13	567	1.281751	True	8.317	2	0.0156	0.040048618784530386	True
TREM1	M7_vs_M8	13	567	1.281751	True	10.003	2	0.0067	0.018868282828282828	True
CAMP	M1a_vs_M2a	10	492	0.70159	False	22.234	2	0.0	0.0	True
CAMP	M7_vs_M8	10	492	0.70159	False	20.795	2	0.0	0.0	True
CTSG	M1a_vs_M2a	10	717	0.651775	False	24.27	2	0.0	0.0	True
CTSG	M7_vs_M8	10	717	0.651775	False	28.001	2	0.0	0.0	True
RIPK3	M1a_vs_M2a	13	543	0.419876	False	15.932	2	0.0003	0.0012086705202312138	True
RIPK3	M7_vs_M8	13	543	0.419876	False	21.201	2	0.0	0.0	True
CD300E	M1a_vs_M2a	9	543	0.673487	False	12.619	2	0.0018	0.005917924528301887	True
CD300E	M7_vs_M8	9	543	0.673487	False	25.88	2	0.0	0.0	True
CCL22	M1a_vs_M2a	13	276	0.654716	False	4.168	2	0.1244	0.245628328611898	False
CCL22	M7_vs_M8	13	276	0.654716	False	10.751	2	0.0046	0.013614437367303608	True
CXCL13	M1a_vs_M2a	14	291	0.583307	False	29.528	2	0.0	0.0	True
CXCL13	M7_vs_M8	14	291	0.583307	False	30.469	2	0.0	0.0	True
CLEC4A	M1a_vs_M2a	10	681	0.775226	False	29.582	2	0.0	0.0	True
CLEC4A	M7_vs_M8	10	681	0.775226	False	37.957	2	0.0	0.0	True
OSM	M1a_vs_M2a	13	633	1.301947	True	0.0	2	1.0	1.0	False
OSM	M7_vs_M8	13	633	1.301947	True	10.525	2	0.0052	0.015133194154488517	True
OAS2	M1a_vs_M2a	13	1965	0.871891	False	44.211	2	0.0	0.0	True
OAS2	M7_vs_M8	13	1965	0.871891	False	58.787	2	0.0	0.0	True
MS4A2	M1a_vs_M2a	15	345	0.544268	False	8.166	2	0.0169	0.04283381818181818	True
MS4A2	M7_vs_M8	15	345	0.544268	False	13.482	2	0.0012	0.0040999999999999995	True
IFNGR1	M1a_vs_M2a	15	1293	0.824332	False	26.0	2	0.0	0.0	True
IFNGR1	M7_vs_M8	15	1293	0.824332	False	42.426	2	0.0	0.0	True
PVR	M1a_vs_M2a	11	1077	1.641964	True	12.952	2	0.0015	0.0050143884892086335	True
PVR	M7_vs_M8	11	1077	1.641964	True	16.075	2	0.0003	0.0012086705202312138	True
CD177	M1a_vs_M2a	10	1017	1.190148	True	41.042	2	0.0	0.0	True
CD177	M7_vs_M8	10	1017	1.190148	True	47.438	2	0.0	0.0	True
DEFB1	M1a_vs_M2a	10	204	1.1541	True	0.0	2	1.0	1.0	False
DEFB1	M7_vs_M8	10	204	1.1541	True	-0.0	2	1.0	1.0	False
TNFRSF18	M1a_vs_M2a	13	546	0.64465	False	0.0	2	1.0	1.0	False
TNFRSF18	M7_vs_M8	13	546	0.64465	False	0.002	2	0.9992	1.0	False
TNFSF9	M1a_vs_M2a	14	549	2.325682	True	0.0	2	1.0	1.0	False
TNFSF9	M7_vs_M8	14	549	2.325682	True	-0.0	2	1.0	1.0	False
CD226	M1a_vs_M2a	15	849	0.712938	False	0.0	2	1.0	1.0	False
CD226	M7_vs_M8	15	849	0.712938	False	1.668	2	0.4344	0.7304627261761157	False
CCL17	M1a_vs_M2a	10	273	0.688745	False	0.0	2	1.0	1.0	False
CCL17	M7_vs_M8	10	273	0.688745	False	0.359	2	0.8358	1.0	False
CLEC2B	M1a_vs_M2a	8	420	0.973895	False	6.452	2	0.0397	0.08969497568881685	False
CLEC2B	M7_vs_M8	8	420	0.973895	False	9.945	2	0.0069	0.019275751503006013	True
KLRK1	M1a_vs_M2a	13	597	0.828956	False	10.023	2	0.0067	0.018868282828282828	True
KLRK1	M7_vs_M8	13	597	0.828956	False	14.967	2	0.0006	0.0022068601583113455	True
ADGRE5	M1a_vs_M2a	12	2154	0.992718	False	49.244	2	0.0	0.0	True
ADGRE5	M7_vs_M8	12	2154	0.992718	False	81.965	2	0.0	0.0	True
CD34	M1a_vs_M2a	13	858	0.41449	False	17.534	2	0.0002	0.0008272997032640949	True
CD34	M7_vs_M8	13	858	0.41449	False	25.414	2	0.0	0.0	True
BTLA	M1a_vs_M2a	12	471	0.500733	False	0.0	2	1.0	1.0	False
BTLA	M7_vs_M8	12	471	0.500733	False	5.26	2	0.0721	0.15136656626506023	False
BPI	M1a_vs_M2a	12	1260	0.684203	False	0.0	2	1.0	1.0	False
BPI	M7_vs_M8	12	1260	0.684203	False	1.157	2	0.5608	0.9069085846867748	False
IL15RA	M1a_vs_M2a	9	357	0.982786	False	0.0	2	1.0	1.0	False
IL15RA	M7_vs_M8	9	357	0.982786	False	2.587	2	0.2743	0.4895956466069142	False
IFI6	M1a_vs_M2a	9	333	1.058331	True	24.17	2	0.0	0.0	True
IFI6	M7_vs_M8	9	333	1.058331	True	27.255	2	0.0	0.0	True
PRG3	M1a_vs_M2a	11	615	0.625146	False	13.85	2	0.001	0.0035202020202020207	True
PRG3	M7_vs_M8	11	615	0.625146	False	15.49	2	0.0004	0.0015751412429378532	True
IL31	M1a_vs_M2a	10	432	1.708504	True	8.007	2	0.0183	0.04571720430107527	True
IL31	M7_vs_M8	10	432	1.708504	True	11.676	2	0.0029	0.009084494382022471	True
DEFB125	M1a_vs_M2a	11	264	1.817941	True	70.239	2	0.0	0.0	True
DEFB125	M7_vs_M8	11	264	1.817941	True	62.03	2	0.0	0.0	True
CCR3	M1a_vs_M2a	11	1062	0.407077	False	21.031	2	0.0	0.0	True
CCR3	M7_vs_M8	11	1062	0.407077	False	30.369	2	0.0	0.0	True
TSLP	M1a_vs_M2a	7	384	1.206452	True	27.902	2	0.0	0.0	True
TSLP	M7_vs_M8	7	384	1.206452	True	34.838	2	0.0	0.0	True
ZBP1	M1a_vs_M2a	14	1029	0.820455	False	15.24	2	0.0005	0.0018940217391304349	True
ZBP1	M7_vs_M8	14	1029	0.820455	False	21.759	2	0.0	0.0	True
TRIM22	M1a_vs_M2a	9	759	3.240496	True	1.851	2	0.3963	0.672070802919708	False
TRIM22	M7_vs_M8	9	759	3.240496	True	12.79	2	0.0017	0.005628978622327791	True
CGAS	M1a_vs_M2a	12	1155	0.685795	False	8.759	2	0.0125	0.03287735849056604	True
CGAS	M7_vs_M8	12	1155	0.685795	False	17.341	2	0.0002	0.0008272997032640949	True
CD86	M1a_vs_M2a	14	690	1.160815	True	86.81	2	0.0	0.0	True
CD86	M7_vs_M8	14	690	1.160815	True	87.618	2	0.0	0.0	True
OASL	M1a_vs_M2a	13	936	0.634826	False	0.0	2	1.0	1.0	False
OASL	M7_vs_M8	13	936	0.634826	False	18.285	2	0.0001	0.00043024691358024695	True
ICAM1	M1a_vs_M2a	14	1473	0.745934	False	0.0	2	1.0	1.0	False
ICAM1	M7_vs_M8	14	1473	0.745934	False	17.033	2	0.0002	0.0008272997032640949	True
MADCAM1	M1a_vs_M2a	14	117	1.403835	True	0.0	2	1.0	1.0	False
MADCAM1	M7_vs_M8	14	117	1.403835	True	-0.0	2	1.0	1.0	False
IL2RB	M1a_vs_M2a	13	1446	0.766991	False	0.0	2	1.0	1.0	False
IL2RB	M7_vs_M8	13	1446	0.766991	False	9.008	2	0.0111	0.0295293893129771	True
MAVS	M1a_vs_M2a	14	1236	0.621201	False	16.655	2	0.0002	0.0008272997032640949	True
MAVS	M7_vs_M8	14	1236	0.621201	False	24.624	2	0.0	0.0	True
CD58	M1a_vs_M2a	8	693	0.91766	False	8.154	2	0.017	0.04300907441016334	True
CD58	M7_vs_M8	8	693	0.91766	False	13.308	2	0.0013	0.004409245742092457	True
PI3	M1a_vs_M2a	9	291	0.457689	False	0.0	2	1.0	1.0	False
PI3	M7_vs_M8	9	291	0.457689	False	0.436	2	0.8042	1.0	False
BST2	M1a_vs_M2a	12	303	1.248372	True	0.0	2	1.0	1.0	False
BST2	M7_vs_M8	12	303	1.248372	True	1.21	2	0.5461	0.8882282051282051	False
MNDA	M1a_vs_M2a	9	453	0.954205	False	0.164	2	0.9214	1.0	False
MNDA	M7_vs_M8	9	453	0.954205	False	3.904	2	0.142	0.27492777777777777	False
CD8A	M1a_vs_M2a	15	564	1.992089	True	17.413	2	0.0002	0.0008272997032640949	True
CD8A	M7_vs_M8	15	564	1.992089	True	33.866	2	0.0	0.0	True
CD22	M1a_vs_M2a	14	2352	0.742721	False	94.464	2	0.0	0.0	True
CD22	M7_vs_M8	14	2352	0.742721	False	124.059	2	0.0	0.0	True
SLAMF7	M1a_vs_M2a	13	969	0.68398	False	23.818	2	0.0	0.0	True
SLAMF7	M7_vs_M8	13	969	0.68398	False	40.833	2	0.0	0.0	True
CD55	M1a_vs_M2a	12	639	0.984297	False	19.486	2	0.0001	0.00043024691358024695	True
CD55	M7_vs_M8	12	639	0.984297	False	28.489	2	0.0	0.0	True
NFAM1	M1a_vs_M2a	11	627	0.61638	False	0.0	2	1.0	1.0	False
NFAM1	M7_vs_M8	11	627	0.61638	False	5.49	2	0.0642	0.13747281105990783	False
PIGR	M1a_vs_M2a	14	2184	0.955163	False	48.942	2	0.0	0.0	True
PIGR	M7_vs_M8	14	2184	0.955163	False	69.796	2	0.0	0.0	True
MUC13	M1a_vs_M2a	11	804	1.57681	True	213.666	2	0.0	0.0	True
MUC13	M7_vs_M8	11	804	1.57681	True	213.268	2	0.0	0.0	True
DEFB128	M1a_vs_M2a	11	273	0.864289	False	8.16	2	0.0169	0.04283381818181818	True
DEFB128	M7_vs_M8	11	273	0.864289	False	11.915	2	0.0026	0.008181489841986455	True
NCR3LG1	M1a_vs_M2a	8	510	1.097739	True	52.675	2	0.0	0.0	True
NCR3LG1	M7_vs_M8	8	510	1.097739	True	58.134	2	0.0	0.0	True
CD59	M1a_vs_M2a	11	342	1.332413	True	6.605	2	0.0368	0.08409704918032787	False
CD59	M7_vs_M8	11	342	1.332413	True	3.758	2	0.1528	0.291785205479452	False
ICAM2	M1a_vs_M2a	13	735	0.77122	False	3.864	2	0.1449	0.27899254143646407	False
ICAM2	M7_vs_M8	13	735	0.77122	False	11.63	2	0.003	0.009376681614349775	True
KLRD1	M1a_vs_M2a	10	516	0.656861	False	10.236	2	0.006	0.01720987654320988	True
KLRD1	M7_vs_M8	10	516	0.656861	False	11.328	2	0.0035	0.010746696035242292	True
CD300LB	M1a_vs_M2a	13	147	1.674792	True	0.124	2	0.9398	1.0	False
CD300LB	M7_vs_M8	13	147	1.674792	True	4.047	2	0.1322	0.25810476190476195	False
DEFB135	M1a_vs_M2a	10	222	0.909088	False	21.265	2	0.0	0.0	True
DEFB135	M7_vs_M8	10	222	0.909088	False	28.231	2	0.0	0.0	True
DEFB112	M1a_vs_M2a	7	177	0.560944	False	2.149	2	0.3415	0.5921032338308458	False
DEFB112	M7_vs_M8	7	177	0.560944	False	4.064	2	0.1311	0.2566761235955056	False
IL3RA	M1a_vs_M2a	10	573	3.290241	True	0.0	2	1.0	1.0	False
IL3RA	M7_vs_M8	10	573	3.290241	True	4.744	2	0.0933	0.191265	False
IL17F	M1a_vs_M2a	13	426	0.692878	False	0.0	2	1.0	1.0	False
IL17F	M7_vs_M8	13	426	0.692878	False	2.96	2	0.2276	0.417284099868594	False
CLEC12A	M1a_vs_M2a	13	651	0.754347	False	74.411	2	0.0	0.0	True
CLEC12A	M7_vs_M8	13	651	0.754347	False	85.069	2	0.0	0.0	True
DEFB136	M1a_vs_M2a	13	225	0.741085	False	14.984	2	0.0006	0.0022068601583113455	True
DEFB136	M7_vs_M8	13	225	0.741085	False	19.977	2	0.0	0.0	True
ICOSLG	M1a_vs_M2a	11	717	0.867329	False	16.159	2	0.0003	0.0012086705202312138	True
ICOSLG	M7_vs_M8	11	717	0.867329	False	19.19	2	0.0001	0.00043024691358024695	True
CD46	M1a_vs_M2a	11	837	1.255129	True	18.459	2	0.0001	0.00043024691358024695	True
CD46	M7_vs_M8	11	837	1.255129	True	24.463	2	0.0	0.0	True
C4BPB	M1a_vs_M2a	10	525	0.699295	False	0.0	2	1.0	1.0	False
C4BPB	M7_vs_M8	10	525	0.699295	False	1.17	2	0.5572	0.9031823255813953	False
PRTN3	M1a_vs_M2a	10	540	0.895839	False	0.0	2	1.0	1.0	False
PRTN3	M7_vs_M8	10	540	0.895839	False	0.791	2	0.6735	1.0	False
MAPT	M1a_vs_M2a	14	891	0.427306	False	60.062	2	0.0	0.0	True
MAPT	M7_vs_M8	14	891	0.427306	False	65.887	2	0.0	0.0	True
CXCL8	M1a_vs_M2a	12	297	0.3924	False	0.0	2	1.0	1.0	False
CXCL8	M7_vs_M8	12	297	0.3924	False	2.053	2	0.3583	0.6148688806888069	False
IL17RC	M1a_vs_M2a	12	747	0.491726	False	0.0	2	1.0	1.0	False
IL17RC	M7_vs_M8	12	747	0.491726	False	1.314	2	0.5184	0.8511773851590106	False
DEFB124	M1a_vs_M2a	11	204	0.76739	False	0.788	2	0.6744	1.0	False
DEFB124	M7_vs_M8	11	204	0.76739	False	6.726	2	0.0346	0.08025357737104824	False
CXCR2	M1a_vs_M2a	9	1053	0.417456	False	8.228	2	0.0163	0.04159063985374772	True
CXCR2	M7_vs_M8	9	1053	0.417456	False	18.062	2	0.0001	0.00043024691358024695	True
TNFSF15	M1a_vs_M2a	14	672	0.69172	False	0.0	2	1.0	1.0	False
TNFSF15	M7_vs_M8	14	672	0.69172	False	5.989	2	0.0501	0.11033080568720378	False
IL4R	M1a_vs_M2a	13	2133	0.908417	False	0.0	2	1.0	1.0	False
IL4R	M7_vs_M8	13	2133	0.908417	False	23.498	2	0.0	0.0	True
IL7	M1a_vs_M2a	13	462	0.398809	False	22.513	2	0.0	0.0	True
IL7	M7_vs_M8	13	462	0.398809	False	25.866	2	0.0	0.0	True
TIMP1	M1a_vs_M2a	13	606	0.83293	False	0.0	2	1.0	1.0	False
TIMP1	M7_vs_M8	13	606	0.83293	False	4.301	2	0.1165	0.23333477011494255	False
C5AR2	M1a_vs_M2a	14	969	1.246779	True	0.0	2	1.0	1.0	False
C5AR2	M7_vs_M8	14	969	1.246779	True	0.738	2	0.6914	1.0	False
ALOX15	M1a_vs_M2a	13	1587	0.717188	False	5.359	2	0.0686	0.14467231467473524	False
ALOX15	M7_vs_M8	13	1587	0.717188	False	25.773	2	0.0	0.0	True
TNFSF13B	M1a_vs_M2a	15	606	0.561768	False	0.0	2	1.0	1.0	False
TNFSF13B	M7_vs_M8	15	606	0.561768	False	5.891	2	0.0526	0.11510894819466248	False
TRIM45	M1a_vs_M2a	14	1623	0.346544	False	0.0	2	1.0	1.0	False
TRIM45	M7_vs_M8	14	1623	0.346544	False	4.562	2	0.1022	0.20737525473071325	False
TNIP2	M1a_vs_M2a	13	1050	0.7922	False	0.0	2	1.0	1.0	False
TNIP2	M7_vs_M8	13	1050	0.7922	False	5.97	2	0.0505	0.11103627760252366	False
IL7R	M1a_vs_M2a	14	381	0.508563	False	0.746	2	0.6887	1.0	False
IL7R	M7_vs_M8	14	381	0.508563	False	7.264	2	0.0265	0.06325513698630136	False
IL36A	M1a_vs_M2a	10	453	0.605973	False	8.127	2	0.0172	0.04343330922242314	True
IL36A	M7_vs_M8	10	453	0.605973	False	14.837	2	0.0006	0.0022068601583113455	True
DEFB126	M1a_vs_M2a	6	249	1.096947	True	1.952	2	0.3768	0.6421261613691932	False
DEFB126	M7_vs_M8	6	249	1.096947	True	4.286	2	0.1173	0.23426389684813753	False
TNFSF18	M1a_vs_M2a	15	501	0.760956	False	8.798	2	0.0123	0.032473863636363634	True
TNFSF18	M7_vs_M8	15	501	0.760956	False	12.633	2	0.0018	0.005917924528301887	True
HAMP	M1a_vs_M2a	11	246	0.75109	False	0.304	2	0.859	1.0	False
HAMP	M7_vs_M8	11	246	0.75109	False	4.172	2	0.1242	0.2455812765957447	False
CD84	M1a_vs_M2a	13	921	0.626715	False	11.36	2	0.0034	0.010485840707964602	True
CD84	M7_vs_M8	13	921	0.626715	False	23.572	2	0.0	0.0	True
WFDC13	M1a_vs_M2a	13	225	0.576558	False	3.174	2	0.2045	0.38060480640854466	False
WFDC13	M7_vs_M8	13	225	0.576558	False	5.155	2	0.076	0.15883658170914544	False
FCER2	M1a_vs_M2a	15	762	0.619626	False	0.0	2	1.0	1.0	False
FCER2	M7_vs_M8	15	762	0.619626	False	8.453	2	0.0146	0.03768962962962963	True
CXCR6	M1a_vs_M2a	15	1005	0.492883	False	16.255	2	0.0003	0.0012086705202312138	True
CXCR6	M7_vs_M8	15	1005	0.492883	False	37.911	2	0.0	0.0	True
FANCG	M1a_vs_M2a	13	147	0.379477	False	1.252	2	0.5349	0.8751767605633803	False
FANCG	M7_vs_M8	13	147	0.379477	False	2.282	2	0.3195	0.5581234042553193	False
ALPK1	M1a_vs_M2a	15	3315	0.788297	False	0.0	2	1.0	1.0	False
ALPK1	M7_vs_M8	15	3315	0.788297	False	2.308	2	0.3153	0.5514782936010038	False
IL27	M1a_vs_M2a	10	567	0.508791	False	0.0	2	1.0	1.0	False
IL27	M7_vs_M8	10	567	0.508791	False	-0.001	2	1.0	1.0	False
MMP9	M1a_vs_M2a	15	2019	0.442642	False	3.039	2	0.2189	0.40363306878306876	False
MMP9	M7_vs_M8	15	2019	0.442642	False	14.925	2	0.0006	0.0022068601583113455	True
C7	M1a_vs_M2a	12	2385	0.417385	False	13.035	2	0.0015	0.0050143884892086335	True
C7	M7_vs_M8	12	2385	0.417385	False	38.459	2	0.0	0.0	True
FCRL1	M1a_vs_M2a	12	681	0.519763	False	0.0	2	1.0	1.0	False
FCRL1	M7_vs_M8	12	681	0.519763	False	5.623	2	0.0601	0.1298905426356589	False
CD300LF	M1a_vs_M2a	5	858	1.173822	True	5.75	2	0.0564	0.12246355140186915	False
CD300LF	M7_vs_M8	5	858	1.173822	True	7.761	2	0.0206	0.05046818980667838	False
TGFB1	M1a_vs_M2a	14	387	0.778987	False	24.218	2	0.0	0.0	True
TGFB1	M7_vs_M8	14	387	0.778987	False	32.709	2	0.0	0.0	True
CRP	M1a_vs_M2a	13	657	0.507833	False	11.539	2	0.0031	0.009645982142857144	True
CRP	M7_vs_M8	13	657	0.507833	False	19.971	2	0.0	0.0	True
PLA2G2A	M1a_vs_M2a	6	432	3.902694	True	165.425	2	0.0	0.0	True
PLA2G2A	M7_vs_M8	6	432	3.902694	True	167.108	2	0.0	0.0	True
NPDC1	M1a_vs_M2a	12	759	0.694258	False	0.0	2	1.0	1.0	False
NPDC1	M7_vs_M8	12	759	0.694258	False	1.008	2	0.6042	0.9622737442922374	False
ITGAX	M1a_vs_M2a	7	3306	0.559034	False	19.205	2	0.0001	0.00043024691358024695	True
ITGAX	M7_vs_M8	7	3306	0.559034	False	41.269	2	0.0	0.0	True
MX2	M1a_vs_M2a	10	1194	2.032526	True	13.799	2	0.001	0.0035202020202020207	True
MX2	M7_vs_M8	10	1194	2.032526	True	20.671	2	0.0	0.0	True
ISG20	M1a_vs_M2a	15	429	0.90091	False	33.115	2	0.0	0.0	True
ISG20	M7_vs_M8	15	429	0.90091	False	35.805	2	0.0	0.0	True
CCL16	M1a_vs_M2a	9	306	0.842138	False	43.837	2	0.0	0.0	True
CCL16	M7_vs_M8	9	306	0.842138	False	47.798	2	0.0	0.0	True
IL21R	M1a_vs_M2a	15	429	1.725363	True	0.0	2	1.0	1.0	False
IL21R	M7_vs_M8	15	429	1.725363	True	1.469	2	0.4798	0.798406014319809	False
TLR1	M1a_vs_M2a	13	2247	0.443148	False	0.0	2	1.0	1.0	False
TLR1	M7_vs_M8	13	2247	0.443148	False	11.405	2	0.0033	0.010199999999999999	True
GBP5	M1a_vs_M2a	11	1365	0.575772	False	20.269	2	0.0	0.0	True
GBP5	M7_vs_M8	11	1365	0.575772	False	31.794	2	0.0	0.0	True
FCN1	M1a_vs_M2a	10	747	1.142906	True	0.0	2	1.0	1.0	False
FCN1	M7_vs_M8	10	747	1.142906	True	4.596	2	0.1004	0.20461637426900586	False
IL10RA	M1a_vs_M2a	14	1626	0.789395	False	13.265	2	0.0013	0.004409245742092457	True
IL10RA	M7_vs_M8	14	1626	0.789395	False	20.031	2	0.0	0.0	True
CCND1	M1a_vs_M2a	14	582	4.93361	True	282.971	2	0.0	0.0	True
CCND1	M7_vs_M8	14	582	4.93361	True	304.757	2	0.0	0.0	True
IFNAR2	M1a_vs_M2a	13	1347	0.810702	False	13.707	2	0.0011	0.0038144278606965175	True
IFNAR2	M7_vs_M8	13	1347	0.810702	False	27.138	2	0.0	0.0	True
TNFRSF12A	M1a_vs_M2a	12	162	0.469174	False	0.0	2	1.0	1.0	False
TNFRSF12A	M7_vs_M8	12	162	0.469174	False	-0.0	2	1.0	1.0	False
AGER	M1a_vs_M2a	14	975	0.431782	False	0.0	2	1.0	1.0	False
AGER	M7_vs_M8	14	975	0.431782	False	6.34	2	0.042	0.09428019323671498	False
LAIR2	M1a_vs_M2a	3	405	0.561263	False	5.47	2	0.0649	0.138334250764526	False
LAIR2	M7_vs_M8	3	405	0.561263	False	5.887	2	0.0527	0.11514702194357365	False
NUP50	M1a_vs_M2a	12	1155	0.426557	False	0.0	2	1.0	1.0	False
NUP50	M7_vs_M8	12	1155	0.426557	False	1.422	2	0.4912	0.8132218527315915	False
PGLYRP1	M1a_vs_M2a	14	543	0.372216	False	0.0	2	1.0	1.0	False
PGLYRP1	M7_vs_M8	14	543	0.372216	False	3.654	2	0.1609	0.3059953615279672	False
FANCE	M1a_vs_M2a	14	513	0.691174	False	2.238	2	0.3266	0.5691005	False
FANCE	M7_vs_M8	14	513	0.691174	False	8.009	2	0.0182	0.04554901256732496	True
CCL27	M1a_vs_M2a	9	306	0.950315	False	0.727	2	0.6952	1.0	False
CCL27	M7_vs_M8	9	306	0.950315	False	2.632	2	0.2682	0.4805537275064267	False
SLAMF6	M1a_vs_M2a	14	705	0.975408	False	49.824	2	0.0	0.0	True
SLAMF6	M7_vs_M8	14	705	0.975408	False	59.172	2	0.0	0.0	True
HNRNPF	M1a_vs_M2a	12	1233	0.35644	False	3.156	2	0.2064	0.38260851063829787	False
HNRNPF	M7_vs_M8	12	1233	0.35644	False	0.663	2	0.7179	1.0	False
IL1RAP	M1a_vs_M2a	14	1602	0.514637	False	15.204	2	0.0005	0.0018940217391304349	True
IL1RAP	M7_vs_M8	14	1602	0.514637	False	23.901	2	0.0	0.0	True
IL13RA1	M1a_vs_M2a	14	1176	0.264095	False	0.0	2	1.0	1.0	False
IL13RA1	M7_vs_M8	14	1176	0.264095	False	7.99	2	0.0184	0.04588479427549195	True
GIMAP4	M1a_vs_M2a	9	384	0.864967	False	14.413	2	0.0007	0.0025149484536082477	True
GIMAP4	M7_vs_M8	9	384	0.864967	False	19.524	2	0.0001	0.00043024691358024695	True
CPB2	M1a_vs_M2a	14	1029	0.247393	False	0.0	2	1.0	1.0	False
CPB2	M7_vs_M8	14	1029	0.247393	False	-0.0	2	1.0	1.0	False
S100A9	M1a_vs_M2a	12	324	0.644752	False	0.849	2	0.6542	1.0	False
S100A9	M7_vs_M8	12	324	0.644752	False	7.573	2	0.0227	0.05503269565217392	False
ANXA2	M1a_vs_M2a	10	960	0.195844	False	-0.0	2	1.0	1.0	False
ANXA2	M7_vs_M8	10	960	0.195844	False	-0.004	2	1.0	1.0	False
IL20RB	M1a_vs_M2a	13	642	0.871186	False	34.819	2	0.0	0.0	True
IL20RB	M7_vs_M8	13	642	0.871186	False	41.956	2	0.0	0.0	True
SOCS1	M1a_vs_M2a	13	618	0.268777	False	-7.923	2	1.0	1.0	False
SOCS1	M7_vs_M8	13	618	0.268777	False	4.089	2	0.1294	0.25406140845070424	False
TP53	M1a_vs_M2a	14	1035	0.353751	False	0.0	2	1.0	1.0	False
TP53	M7_vs_M8	14	1035	0.353751	False	4.18	2	0.1237	0.24494005681818184	False
FAAP20	M1a_vs_M2a	9	486	0.748067	False	0.0	2	1.0	1.0	False
FAAP20	M7_vs_M8	9	486	0.748067	False	-0.0	2	1.0	1.0	False
TRIM68	M1a_vs_M2a	14	1443	0.411052	False	0.0	2	1.0	1.0	False
TRIM68	M7_vs_M8	14	1443	0.411052	False	1.921	2	0.3828	0.6515545787545787	False
DEFB123	M1a_vs_M2a	11	192	0.427379	False	1.208	2	0.5467	0.8882282051282051	False
DEFB123	M7_vs_M8	11	192	0.427379	False	2.393	2	0.3022	0.5332491139240506	False
CLEC4G	M1a_vs_M2a	13	846	0.90821	False	0.0	2	1.0	1.0	False
CLEC4G	M7_vs_M8	13	846	0.90821	False	3.886	2	0.1433	0.2770599167822469	False
PGLYRP2	M1a_vs_M2a	13	1473	0.486636	False	0.0	2	1.0	1.0	False
PGLYRP2	M7_vs_M8	13	1473	0.486636	False	0.273	2	0.8722	1.0	False
FGF2	M1a_vs_M2a	11	387	1.016511	True	22.526	2	0.0	0.0	True
FGF2	M7_vs_M8	11	387	1.016511	True	22.956	2	0.0	0.0	True
LYZ	M1a_vs_M2a	10	345	0.502342	False	0.0	2	1.0	1.0	False
LYZ	M7_vs_M8	10	345	0.502342	False	1.037	2	0.5955	0.9519805045871561	False
AZGP1	M1a_vs_M2a	11	822	0.948263	False	0.89	2	0.6409	1.0	False
AZGP1	M7_vs_M8	11	822	0.948263	False	15.261	2	0.0005	0.0018940217391304349	True
RSAD2	M1a_vs_M2a	15	948	0.691582	False	19.115	2	0.0001	0.00043024691358024695	True
RSAD2	M7_vs_M8	15	948	0.691582	False	21.703	2	0.0	0.0	True
SLAMF1	M1a_vs_M2a	15	822	0.512877	False	0.0	2	1.0	1.0	False
SLAMF1	M7_vs_M8	15	822	0.512877	False	9.031	2	0.0109	0.029108429118773947	True
FAAP24	M1a_vs_M2a	14	537	0.446671	False	2.9	2	0.2345	0.42675326370757183	False
FAAP24	M7_vs_M8	14	537	0.446671	False	8.909	2	0.0116	0.030800761904761904	True
CX3CL1	M1a_vs_M2a	14	813	0.718583	False	0.0	2	1.0	1.0	False
CX3CL1	M7_vs_M8	14	813	0.718583	False	11.18	2	0.0037	0.011335824175824176	True
IL12RB1	M1a_vs_M2a	13	1665	0.898769	False	0.0	2	1.0	1.0	False
IL12RB1	M7_vs_M8	13	1665	0.898769	False	10.45	2	0.0054	0.015649896049896053	True
IL2	M1a_vs_M2a	13	438	0.520033	False	8.727	2	0.0127	0.033340489642184556	True
IL2	M7_vs_M8	13	438	0.520033	False	10.533	2	0.0052	0.015133194154488517	True
GSTO1	M1a_vs_M2a	10	684	0.582345	False	0.0	2	1.0	1.0	False
GSTO1	M7_vs_M8	10	684	0.582345	False	6.783	2	0.0337	0.07829633333333333	False
KPNA7	M1a_vs_M2a	14	1380	0.51561	False	0.0	2	1.0	1.0	False
KPNA7	M7_vs_M8	14	1380	0.51561	False	19.127	2	0.0001	0.00043024691358024695	True
CXCL9	M1a_vs_M2a	13	327	0.587786	False	5.433	2	0.0661	0.14067694656488552	False
CXCL9	M7_vs_M8	13	327	0.587786	False	6.543	2	0.0379	0.08618694942903753	False
ITGAL	M1a_vs_M2a	15	852	0.482473	False	0.0	2	1.0	1.0	False
ITGAL	M7_vs_M8	15	852	0.482473	False	15.535	2	0.0004	0.0015751412429378532	True
TUBB1	M1a_vs_M2a	14	1341	0.507902	False	0.0	2	1.0	1.0	False
TUBB1	M7_vs_M8	14	1341	0.507902	False	4.296	2	0.1167	0.2334	False
PROS1	M1a_vs_M2a	14	1740	0.474941	False	0.0	2	1.0	1.0	False
PROS1	M7_vs_M8	14	1740	0.474941	False	11.527	2	0.0031	0.009645982142857144	True
EPPIN	M1a_vs_M2a	13	375	1.119825	True	0.0	2	1.0	1.0	False
EPPIN	M7_vs_M8	13	375	1.119825	True	3.418	2	0.1811	0.3406928475033738	False
LTB	M1a_vs_M2a	14	666	0.624287	False	0.0	2	1.0	1.0	False
LTB	M7_vs_M8	14	666	0.624287	False	-0.002	2	1.0	1.0	False
TNFRSF9	M1a_vs_M2a	15	717	0.521793	False	4.122	2	0.1273	0.2509988684582744	False
TNFRSF9	M7_vs_M8	15	717	0.521793	False	15.883	2	0.0004	0.0015751412429378532	True
TNFRSF13B	M1a_vs_M2a	10	711	1.255271	True	0.0	2	1.0	1.0	False
TNFRSF13B	M7_vs_M8	10	711	1.255271	True	1.861	2	0.3944	0.6696633373934225	False
IL20	M1a_vs_M2a	15	522	0.550814	False	0.0	2	1.0	1.0	False
IL20	M7_vs_M8	15	522	0.550814	False	0.66	2	0.7189	1.0	False
CD33	M1a_vs_M2a	4	1074	0.254075	False	11.919	2	0.0026	0.008181489841986455	True
CD33	M7_vs_M8	4	1074	0.254075	False	12.132	2	0.0023	0.0074046189376443415	True
TCN1	M1a_vs_M2a	12	1221	0.46586	False	41.903	2	0.0	0.0	True
TCN1	M7_vs_M8	12	1221	0.46586	False	52.147	2	0.0	0.0	True
GZMM	M1a_vs_M2a	9	726	0.651783	False	0.0	2	1.0	1.0	False
GZMM	M7_vs_M8	9	726	0.651783	False	5.054	2	0.0799	0.16574494047619048	False
IL21	M1a_vs_M2a	12	438	0.469469	False	0.0	2	1.0	1.0	False
IL21	M7_vs_M8	12	438	0.469469	False	1.429	2	0.4893	0.8110394768133176	False
TRIM10	M1a_vs_M2a	15	1068	0.398728	False	0.0	2	1.0	1.0	False
TRIM10	M7_vs_M8	15	1068	0.398728	False	2.051	2	0.3586	0.6148688806888069	False
LTBR	M1a_vs_M2a	14	1113	0.473135	False	0.0	2	1.0	1.0	False
LTBR	M7_vs_M8	14	1113	0.473135	False	10.96	2	0.0042	0.012563948497854076	True
IRAK3	M1a_vs_M2a	14	1629	0.4788	False	0.0	2	1.0	1.0	False
IRAK3	M7_vs_M8	14	1629	0.4788	False	4.224	2	0.121	0.2402763532763533	False
UBA7	M1a_vs_M2a	14	2589	0.41333	False	0.0	2	1.0	1.0	False
UBA7	M7_vs_M8	14	2589	0.41333	False	17.826	2	0.0001	0.00043024691358024695	True
CD4	M1a_vs_M2a	15	1122	0.657843	False	27.44	2	0.0	0.0	True
CD4	M7_vs_M8	15	1122	0.657843	False	44.05	2	0.0	0.0	True
TNFRSF4	M1a_vs_M2a	13	660	0.858192	False	0.0	2	1.0	1.0	False
TNFRSF4	M7_vs_M8	13	660	0.858192	False	10.717	2	0.0047	0.01388093220338983	True
IRF7	M1a_vs_M2a	12	1134	0.685115	False	0.0	2	1.0	1.0	False
IRF7	M7_vs_M8	12	1134	0.685115	False	13.085	2	0.0014	0.0047140096618357484	True
FANCF	M1a_vs_M2a	12	894	1.151696	True	0.0	2	1.0	1.0	False
FANCF	M7_vs_M8	12	894	1.151696	True	0.028	2	0.9863	1.0	False
XAF1	M1a_vs_M2a	13	537	1.108576	True	2.378	2	0.3045	0.5352749054224464	False
XAF1	M7_vs_M8	13	537	1.108576	True	4.39	2	0.1114	0.22376311239193084	False
IL34	M1a_vs_M2a	12	552	0.959198	False	10.331	2	0.0057	0.016450931677018634	True
IL34	M7_vs_M8	12	552	0.959198	False	23.014	2	0.0	0.0	True
BPIFB2	M1a_vs_M2a	15	1269	0.570799	False	13.652	2	0.0011	0.0038144278606965175	True
BPIFB2	M7_vs_M8	15	1269	0.570799	False	32.514	2	0.0	0.0	True
FAS	M1a_vs_M2a	13	7440	0.66074	False	269.265	2	0.0	0.0	True
FAS	M7_vs_M8	13	7440	0.66074	False	378.079	2	0.0	0.0	True
CD7	M1a_vs_M2a	11	528	0.913842	False	0.0	2	1.0	1.0	False
CD7	M7_vs_M8	11	528	0.913842	False	6.15	2	0.0462	0.10238918918918918	False
TNFRSF13C	M1a_vs_M2a	14	420	0.625067	False	2.132	2	0.3444	0.5963414392059553	False
TNFRSF13C	M7_vs_M8	14	420	0.625067	False	3.485	2	0.1751	0.33029688768606225	False
BIK	M1a_vs_M2a	9	417	0.970458	False	0.0	2	1.0	1.0	False
BIK	M7_vs_M8	9	417	0.970458	False	0.074	2	0.9637	1.0	False
S100A12	M1a_vs_M2a	9	270	0.364119	False	10.057	2	0.0065	0.01856762295081967	True
S100A12	M7_vs_M8	9	270	0.364119	False	10.219	2	0.006	0.01720987654320988	True
IL1A	M1a_vs_M2a	14	699	0.528246	False	9.851	2	0.0073	0.020231013916500992	True
IL1A	M7_vs_M8	14	699	0.528246	False	23.325	2	0.0	0.0	True
PTPN18	M1a_vs_M2a	13	594	1.069759	True	10.319	2	0.0057	0.016450931677018634	True
PTPN18	M7_vs_M8	13	594	1.069759	True	12.391	2	0.002	0.006529274004683841	True
IL15	M1a_vs_M2a	13	483	0.593768	False	7.211	2	0.0272	0.0644843537414966	False
IL15	M7_vs_M8	13	483	0.593768	False	9.16	2	0.0103	0.027611923076923076	True
LILRB4	M1a_vs_M2a	3	705	9.565124	True	45.1	2	0.0	0.0	True
LILRB4	M7_vs_M8	3	705	9.565124	True	49.447	2	0.0	0.0	True
CSF1	M1a_vs_M2a	15	1287	0.553814	False	0.0	2	1.0	1.0	False
CSF1	M7_vs_M8	15	1287	0.553814	False	6.967	2	0.0307	0.07204680134680136	False
TNFRSF1A	M1a_vs_M2a	13	1182	0.638756	False	5.876	2	0.053	0.11562128325508607	False
TNFRSF1A	M7_vs_M8	13	1182	0.638756	False	19.785	2	0.0001	0.00043024691358024695	True
USP29	M1a_vs_M2a	10	678	0.817632	False	0.0	2	1.0	1.0	False
USP29	M7_vs_M8	10	678	0.817632	False	2.17	2	0.3379	0.5865910336239103	False
CD5	M1a_vs_M2a	12	1431	0.544465	False	29.293	2	0.0	0.0	True
CD5	M7_vs_M8	12	1431	0.544465	False	31.001	2	0.0	0.0	True
MX1	M1a_vs_M2a	7	1863	0.485289	False	13.45	2	0.0012	0.0040999999999999995	True
MX1	M7_vs_M8	7	1863	0.485289	False	31.285	2	0.0	0.0	True
NUP42	M1a_vs_M2a	13	1221	0.364893	False	0.0	2	1.0	1.0	False
NUP42	M7_vs_M8	13	1221	0.364893	False	0.104	2	0.9491	1.0	False
MMP3	M1a_vs_M2a	13	1419	0.530129	False	0.0	2	1.0	1.0	False
MMP3	M7_vs_M8	13	1419	0.530129	False	12.041	2	0.0024	0.007655835240274599	True
TYROBP	M1a_vs_M2a	13	312	0.842256	False	0.0	2	1.0	1.0	False
TYROBP	M7_vs_M8	13	312	0.842256	False	0.436	2	0.8043	1.0	False
C3AR1	M1a_vs_M2a	15	1299	0.537695	False	17.772	2	0.0001	0.00043024691358024695	True
C3AR1	M7_vs_M8	15	1299	0.537695	False	23.446	2	0.0	0.0	True
IL2RA	M1a_vs_M2a	14	645	0.819984	False	0.0	2	1.0	1.0	False
IL2RA	M7_vs_M8	14	645	0.819984	False	1.088	2	0.5804	0.9318464902186421	False
NECTIN2	M1a_vs_M2a	14	1152	0.670753	False	0.0	2	1.0	1.0	False
NECTIN2	M7_vs_M8	14	1152	0.670753	False	9.957	2	0.0069	0.019275751503006013	True
RAET1E	M1a_vs_M2a	6	666	1.160919	True	32.688	2	0.0	0.0	True
RAET1E	M7_vs_M8	6	666	1.160919	True	37.856	2	0.0	0.0	True
IL36G	M1a_vs_M2a	10	462	0.919075	False	22.137	2	0.0	0.0	True
IL36G	M7_vs_M8	10	462	0.919075	False	26.7	2	0.0	0.0	True
FLT3LG	M1a_vs_M2a	11	654	0.746233	False	9.257	2	0.0098	0.026526601941747573	True
FLT3LG	M7_vs_M8	11	654	0.746233	False	24.638	2	0.0	0.0	True
CIITA	M1a_vs_M2a	15	2250	0.549867	False	0.0	2	1.0	1.0	False
CIITA	M7_vs_M8	15	2250	0.549867	False	9.094	2	0.0106	0.0283616122840691	True
FCN2	M1a_vs_M2a	4	930	0.753295	False	1.765	2	0.4138	0.700045145631068	False
FCN2	M7_vs_M8	4	930	0.753295	False	3.303	2	0.1917	0.35917983870967746	False
PLET1	M1a_vs_M2a	14	534	1.480301	True	38.128	2	0.0	0.0	True
PLET1	M7_vs_M8	14	534	1.480301	True	53.235	2	0.0	0.0	True
DEFB115	M1a_vs_M2a	7	249	0.760842	False	2.931	2	0.2309	0.42240761154855644	False
DEFB115	M7_vs_M8	7	249	0.760842	False	3.064	2	0.2161	0.39952705570291774	False
CFHR5	M1a_vs_M2a	8	1521	0.489874	False	7.98	2	0.0185	0.04605178571428571	True
CFHR5	M7_vs_M8	8	1521	0.489874	False	15.095	2	0.0005	0.0018940217391304349	True
CD40	M1a_vs_M2a	13	765	0.974782	False	0.0	2	1.0	1.0	False
CD40	M7_vs_M8	13	765	0.974782	False	10.534	2	0.0052	0.015133194154488517	True
IRF9	M1a_vs_M2a	11	957	0.521934	False	23.58	2	0.0	0.0	True
IRF9	M7_vs_M8	11	957	0.521934	False	29.954	2	0.0	0.0	True
MAP2K3	M1a_vs_M2a	13	570	0.619218	False	-33.487	2	1.0	1.0	False
MAP2K3	M7_vs_M8	13	570	0.619218	False	3.739	2	0.1542	0.29405581395348834	False
CD27	M1a_vs_M2a	12	696	0.53043	False	0.0	2	1.0	1.0	False
CD27	M7_vs_M8	12	696	0.53043	False	1.362	2	0.506	0.8327792207792208	False
CD80	M1a_vs_M2a	14	711	0.602067	False	7.241	2	0.0268	0.06375290102389079	False
CD80	M7_vs_M8	14	711	0.602067	False	12.011	2	0.0025	0.00790249433106576	True
CRISP3	M1a_vs_M2a	9	723	0.651829	False	5.14	2	0.0765	0.15916567164179105	False
CRISP3	M7_vs_M8	9	723	0.651829	False	13.569	2	0.0011	0.0038144278606965175	True
TREML4	M1a_vs_M2a	4	525	2.70618	True	150.506	2	0.0	0.0	True
TREML4	M7_vs_M8	4	525	2.70618	True	154.081	2	0.0	0.0	True
FCGR1A	M1a_vs_M2a	12	990	0.455637	False	8.996	2	0.0111	0.0295293893129771	True
FCGR1A	M7_vs_M8	12	990	0.455637	False	13.131	2	0.0014	0.0047140096618357484	True
TUBA4B	M1a_vs_M2a	5	573	13.137161	True	38.155	2	0.0	0.0	True
TUBA4B	M7_vs_M8	5	573	13.137161	True	37.173	2	0.0	0.0	True
IFI44	M1a_vs_M2a	13	1191	0.858295	False	153.159	2	0.0	0.0	True
IFI44	M7_vs_M8	13	1191	0.858295	False	182.664	2	0.0	0.0	True
OSMR	M1a_vs_M2a	13	2664	0.951611	False	36.895	2	0.0	0.0	True
OSMR	M7_vs_M8	13	2664	0.951611	False	66.646	2	0.0	0.0	True
ATOX1	M1a_vs_M2a	8	204	0.682511	False	2.103	2	0.3494	0.6028014851485148	False
ATOX1	M7_vs_M8	8	204	0.682511	False	4.115	2	0.1278	0.2515884908321579	False
IL16	M1a_vs_M2a	13	1785	0.578993	False	0.0	2	1.0	1.0	False
IL16	M7_vs_M8	13	1785	0.578993	False	1.006	2	0.6047	0.9622737442922374	False
CCR5	M1a_vs_M2a	11	1056	0.493367	False	5.225	2	0.0733	0.15365443609022558	False
CCR5	M7_vs_M8	11	1056	0.493367	False	16.393	2	0.0003	0.0012086705202312138	True
CD96	M1a_vs_M2a	14	1308	0.460042	False	6.388	2	0.041	0.09233279483037157	False
CD96	M7_vs_M8	14	1308	0.460042	False	14.801	2	0.0006	0.0022068601583113455	True
CHGA	M1a_vs_M2a	14	699	0.847372	False	78.516	2	0.0	0.0	True
CHGA	M7_vs_M8	14	699	0.847372	False	99.294	2	0.0	0.0	True
CSF3	M1a_vs_M2a	10	588	0.399375	False	0.0	2	1.0	1.0	False
CSF3	M7_vs_M8	10	588	0.399375	False	0.586	2	0.746	1.0	False
TNFSF8	M1a_vs_M2a	14	693	0.528049	False	0.0	2	1.0	1.0	False
TNFSF8	M7_vs_M8	14	693	0.528049	False	4.998	2	0.0822	0.1700100890207715	False
CNTF	M1a_vs_M2a	10	585	0.691477	False	0.0	2	1.0	1.0	False
CNTF	M7_vs_M8	10	585	0.691477	False	3.524	2	0.1717	0.32476227951153325	False
THOC5	M1a_vs_M2a	14	1896	0.241868	False	4.444	2	0.1084	0.21868248914616498	False
THOC5	M7_vs_M8	14	1896	0.241868	False	0.051	2	0.9746	1.0	False
CXCL10	M1a_vs_M2a	14	279	0.455893	False	3.927	2	0.1404	0.2731617852161785	False
CXCL10	M7_vs_M8	14	279	0.455893	False	5.488	2	0.0643	0.13747576687116564	False
IL9	M1a_vs_M2a	14	408	0.680026	False	11.132	2	0.0038	0.011565938864628821	True
IL9	M7_vs_M8	14	408	0.680026	False	20.296	2	0.0	0.0	True
SCGB3A1	M1a_vs_M2a	11	291	0.640438	False	0.0	2	1.0	1.0	False
SCGB3A1	M7_vs_M8	11	291	0.640438	False	0.253	2	0.8812	1.0	False
POMC	M1a_vs_M2a	13	567	0.281672	False	5.406	2	0.067	0.14194224924012158	False
POMC	M7_vs_M8	13	567	0.281672	False	14.734	2	0.0006	0.0022068601583113455	True
C8B	M1a_vs_M2a	14	1638	0.563649	False	0.0	2	1.0	1.0	False
C8B	M7_vs_M8	14	1638	0.563649	False	17.072	2	0.0002	0.0008272997032640949	True
CX3CR1	M1a_vs_M2a	15	1035	0.363463	False	0.0	2	1.0	1.0	False
CX3CR1	M7_vs_M8	15	1035	0.363463	False	13.881	2	0.001	0.0035202020202020207	True
CD38	M1a_vs_M2a	13	747	1.550071	True	0.609	2	0.7375	1.0	False
CD38	M7_vs_M8	13	747	1.550071	True	5.26	2	0.0721	0.15136656626506023	False
PRLR	M1a_vs_M2a	15	1650	0.386881	False	0.0	2	1.0	1.0	False
PRLR	M7_vs_M8	15	1650	0.386881	False	2.047	2	0.3593	0.615312285012285	False
IL17RA	M1a_vs_M2a	13	2289	0.485866	False	0.0	2	1.0	1.0	False
IL17RA	M7_vs_M8	13	2289	0.485866	False	24.511	2	0.0	0.0	True
PSMB9	M1a_vs_M2a	14	492	0.508458	False	0.0	2	1.0	1.0	False
PSMB9	M7_vs_M8	14	492	0.508458	False	-0.0	2	1.0	1.0	False
WFDC10A	M1a_vs_M2a	13	219	0.942794	False	6.189	2	0.0453	0.10087571884984024	False
WFDC10A	M7_vs_M8	13	219	0.942794	False	10.056	2	0.0066	0.018776326530612245	True
IRAK2	M1a_vs_M2a	15	600	0.727871	False	0.0	2	1.0	1.0	False
IRAK2	M7_vs_M8	15	600	0.727871	False	0.164	2	0.9215	1.0	False
TRIM34	M1a_vs_M2a	8	879	0.512781	False	0.0	2	1.0	1.0	False
TRIM34	M7_vs_M8	8	879	0.512781	False	-0.0	2	1.0	1.0	False
PPBP	M1a_vs_M2a	13	318	0.71882	False	15.114	2	0.0005	0.0018940217391304349	True
PPBP	M7_vs_M8	13	318	0.71882	False	15.209	2	0.0005	0.0018940217391304349	True
IL22RA2	M1a_vs_M2a	14	684	0.508322	False	0.0	2	1.0	1.0	False
IL22RA2	M7_vs_M8	14	684	0.508322	False	-0.0	2	1.0	1.0	False
IL24	M1a_vs_M2a	8	513	0.484775	False	0.721	2	0.6972	1.0	False
IL24	M7_vs_M8	8	513	0.484775	False	1.025	2	0.5989	0.9563191294387171	False
CCL28	M1a_vs_M2a	11	360	0.635576	False	0.0	2	1.0	1.0	False
CCL28	M7_vs_M8	11	360	0.635576	False	0.037	2	0.9816	1.0	False
IL18	M1a_vs_M2a	14	552	0.510627	False	10.534	2	0.0052	0.015133194154488517	True
IL18	M7_vs_M8	14	552	0.510627	False	18.161	2	0.0001	0.00043024691358024695	True
TRIM17	M1a_vs_M2a	13	1419	0.464547	False	0.0	2	1.0	1.0	False
TRIM17	M7_vs_M8	13	1419	0.464547	False	3.68	2	0.1588	0.3024142076502732	False
CD300LG	M1a_vs_M2a	15	591	0.787085	False	0.0	2	1.0	1.0	False
CD300LG	M7_vs_M8	15	591	0.787085	False	5.325	2	0.0698	0.14698066465256798	False
GBP1	M1a_vs_M2a	8	762	0.524021	False	0.0	2	1.0	1.0	False
GBP1	M7_vs_M8	8	762	0.524021	False	2.318	2	0.3139	0.5500695979899497	False
LEAP2	M1a_vs_M2a	13	219	0.680642	False	0.0	2	1.0	1.0	False
LEAP2	M7_vs_M8	13	219	0.680642	False	-0.001	2	1.0	1.0	False
IL1B	M1a_vs_M2a	13	747	0.59063	False	0.0	2	1.0	1.0	False
IL1B	M7_vs_M8	13	747	0.59063	False	3.757	2	0.1528	0.291785205479452	False
DEFB116	M1a_vs_M2a	10	201	0.793152	False	0.419	2	0.8109	1.0	False
DEFB116	M7_vs_M8	10	201	0.793152	False	1.444	2	0.4857	0.8060307142857144	False
CD247	M1a_vs_M2a	14	309	1.014916	True	0.0	2	1.0	1.0	False
CD247	M7_vs_M8	14	309	1.014916	True	-0.0	2	1.0	1.0	False
SLAMF9	M1a_vs_M2a	13	657	0.700919	False	0.69	2	0.7084	1.0	False
SLAMF9	M7_vs_M8	13	657	0.700919	False	5.829	2	0.0542	0.11787020280811232	False
LTA	M1a_vs_M2a	13	543	0.37012	False	0.0	2	1.0	1.0	False
LTA	M7_vs_M8	13	543	0.37012	False	1.577	2	0.4546	0.7607591836734694	False
IL20RA	M1a_vs_M2a	14	1548	0.420933	False	0.0	2	1.0	1.0	False
IL20RA	M7_vs_M8	14	1548	0.420933	False	6.161	2	0.0459	0.10195067834394904	False
KRAS	M1a_vs_M2a	13	441	1.39726	True	231.204	2	0.0	0.0	True
KRAS	M7_vs_M8	13	441	1.39726	True	235.429	2	0.0	0.0	True
PPP2R5A	M1a_vs_M2a	10	1275	0.164831	False	0.0	2	1.0	1.0	False
PPP2R5A	M7_vs_M8	10	1275	0.164831	False	-0.002	2	1.0	1.0	False
WFDC11	M1a_vs_M2a	11	237	0.930913	False	7.176	2	0.0277	0.06555823429541595	False
WFDC11	M7_vs_M8	11	237	0.930913	False	7.669	2	0.0216	0.05282526315789474	False
CD1A	M1a_vs_M2a	5	975	0.79876	False	8.313	2	0.0157	0.04015743119266055	True
CD1A	M7_vs_M8	5	975	0.79876	False	11.334	2	0.0035	0.010746696035242292	True
MUCL3	M1a_vs_M2a	8	468	1.242721	True	22.909	2	0.0	0.0	True
MUCL3	M7_vs_M8	8	468	1.242721	True	1.106	2	0.5753	0.9271308670520232	False
PTPN20	M1a_vs_M2a	10	1074	0.495677	False	10.879	2	0.0043	0.012835546038543897	True
PTPN20	M7_vs_M8	10	1074	0.495677	False	15.22	2	0.0005	0.0018940217391304349	True
NUP153	M1a_vs_M2a	15	3912	0.380503	False	0.0	2	1.0	1.0	False
NUP153	M7_vs_M8	15	3912	0.380503	False	13.573	2	0.0011	0.0038144278606965175	True
PRKCD	M1a_vs_M2a	13	1398	0.90411	False	2.676	2	0.2624	0.47137319587628873	False
PRKCD	M7_vs_M8	13	1398	0.90411	False	24.343	2	0.0	0.0	True
S100A8	M1a_vs_M2a	13	267	0.718658	False	0.0	2	1.0	1.0	False
S100A8	M7_vs_M8	13	267	0.718658	False	1.345	2	0.5104	0.8390301886792453	False
MMP12	M1a_vs_M2a	15	1083	0.689218	False	22.441	2	0.0	0.0	True
MMP12	M7_vs_M8	15	1083	0.689218	False	29.307	2	0.0	0.0	True
LBP	M1a_vs_M2a	15	1164	2.272635	True	0.0	2	1.0	1.0	False
LBP	M7_vs_M8	15	1164	2.272635	True	12.097	2	0.0024	0.007655835240274599	True
VSTM1	M1a_vs_M2a	8	393	1.591403	True	9.537	2	0.0085	0.0233248031496063	True
VSTM1	M7_vs_M8	8	393	1.591403	True	14.902	2	0.0006	0.0022068601583113455	True
IL17RE	M1a_vs_M2a	13	1659	0.612086	False	0.0	2	1.0	1.0	False
IL17RE	M7_vs_M8	13	1659	0.612086	False	10.981	2	0.0041	0.01234427645788337	True
TFF1	M1a_vs_M2a	12	225	1.03267	True	10.01	2	0.0067	0.018868282828282828	True
TFF1	M7_vs_M8	12	225	1.03267	True	18.739	2	0.0001	0.00043024691358024695	True
GBP6	M1a_vs_M2a	9	288	1.672065	True	0.0	2	1.0	1.0	False
GBP6	M7_vs_M8	9	288	1.672065	True	-0.0	2	1.0	1.0	False
GSDMD	M1a_vs_M2a	13	1230	0.861886	False	16.068	2	0.0003	0.0012086705202312138	True
GSDMD	M7_vs_M8	13	1230	0.861886	False	31.415	2	0.0	0.0	True
C8A	M1a_vs_M2a	14	1383	0.440119	False	81.416	2	0.0	0.0	True
C8A	M7_vs_M8	14	1383	0.440119	False	93.241	2	0.0	0.0	True
TNFRSF17	M1a_vs_M2a	12	486	0.835099	False	0.0	2	1.0	1.0	False
TNFRSF17	M7_vs_M8	12	486	0.835099	False	-0.0	2	1.0	1.0	False
IL12B	M1a_vs_M2a	15	933	0.474575	False	0.0	2	1.0	1.0	False
IL12B	M7_vs_M8	15	933	0.474575	False	9.707	2	0.0078	0.02153108910891089	True
CD52	M1a_vs_M2a	12	165	0.870362	False	15.168	2	0.0005	0.0018940217391304349	True
CD52	M7_vs_M8	12	165	0.870362	False	15.395	2	0.0005	0.0018940217391304349	True
RIGI	M1a_vs_M2a	14	2490	0.451737	False	0.0	2	1.0	1.0	False
RIGI	M7_vs_M8	14	2490	0.451737	False	12.635	2	0.0018	0.005917924528301887	True
CD81	M1a_vs_M2a	13	594	2.192496	True	368.908	2	0.0	0.0	True
CD81	M7_vs_M8	13	594	2.192496	True	369.203	2	0.0	0.0	True
ITGB2	M1a_vs_M2a	13	1968	0.729318	False	42.412	2	0.0	0.0	True
ITGB2	M7_vs_M8	13	1968	0.729318	False	48.713	2	0.0	0.0	True
CENPX	M1a_vs_M2a	10	219	0.706227	False	2.201	2	0.3328	0.579180024968789	False
CENPX	M7_vs_M8	10	219	0.706227	False	10.858	2	0.0044	0.013105982905982905	True
IFI30	M1a_vs_M2a	14	696	0.746425	False	0.0	2	1.0	1.0	False
IFI30	M7_vs_M8	14	696	0.746425	False	7.664	2	0.0217	0.0529768826619965	False
BATF	M1a_vs_M2a	13	261	4.423156	True	0.0	2	1.0	1.0	False
BATF	M7_vs_M8	13	261	4.423156	True	0.466	2	0.7922	1.0	False
CCR6	M1a_vs_M2a	13	1074	1.195389	True	32.673	2	0.0	0.0	True
CCR6	M7_vs_M8	13	1074	1.195389	True	43.486	2	0.0	0.0	True
CAPZA1	M1a_vs_M2a	14	627	0.728096	False	0.0	2	1.0	1.0	False
CAPZA1	M7_vs_M8	14	627	0.728096	False	1.203	2	0.5481	0.8894661233993015	False
CSF2	M1a_vs_M2a	14	411	0.581588	False	0.794	2	0.6724	1.0	False
CSF2	M7_vs_M8	14	411	0.581588	False	3.298	2	0.1922	0.35963328859060406	False
CSF1R	M1a_vs_M2a	14	2418	0.481304	False	0.0	2	1.0	1.0	False
CSF1R	M7_vs_M8	14	2418	0.481304	False	23.48	2	0.0	0.0	True
CEBPD	M1a_vs_M2a	14	318	1.061938	True	2.118	2	0.3468	0.5990572490706321	False
CEBPD	M7_vs_M8	14	318	1.061938	True	4.419	2	0.1098	0.22086753246753246	False
IL19	M1a_vs_M2a	13	378	0.619706	False	0.0	2	1.0	1.0	False
IL19	M7_vs_M8	13	378	0.619706	False	0.448	2	0.7992	1.0	False
IL37	M1a_vs_M2a	8	543	1.059604	True	17.51	2	0.0002	0.0008272997032640949	True
IL37	M7_vs_M8	8	543	1.059604	True	25.936	2	0.0	0.0	True
BCL2	M1a_vs_M2a	15	549	0.26775	False	0.0	2	1.0	1.0	False
BCL2	M7_vs_M8	15	549	0.26775	False	-0.0	2	1.0	1.0	False
CCL5	M1a_vs_M2a	12	273	0.293752	False	0.692	2	0.7076	1.0	False
CCL5	M7_vs_M8	12	273	0.293752	False	2.926	2	0.2315	0.4229501965923984	False
TRIM8	M1a_vs_M2a	15	939	0.179431	False	3.613	2	0.1642	0.31184577656675755	False
TRIM8	M7_vs_M8	15	939	0.179431	False	-0.001	2	1.0	1.0	False
TNFRSF6B	M1a_vs_M2a	7	441	11.650626	True	7.873	2	0.0195	0.04836832740213523	True
TNFRSF6B	M7_vs_M8	7	441	11.650626	True	11.044	2	0.004	0.012095444685466378	True
TREM2	M1a_vs_M2a	12	573	0.697082	False	0.0	2	1.0	1.0	False
TREM2	M7_vs_M8	12	573	0.697082	False	-0.0	2	1.0	1.0	False
GCSAM	M1a_vs_M2a	13	402	0.622689	False	0.0	2	1.0	1.0	False
GCSAM	M7_vs_M8	13	402	0.622689	False	0.126	2	0.9388	1.0	False
FCRL5	M1a_vs_M2a	13	519	0.877402	False	32.132	2	0.0	0.0	True
FCRL5	M7_vs_M8	13	519	0.877402	False	38.142	2	0.0	0.0	True
SELPLG	M1a_vs_M2a	14	600	0.892707	False	17.242	2	0.0002	0.0008272997032640949	True
SELPLG	M7_vs_M8	14	600	0.892707	False	20.261	2	0.0	0.0	True
CR2	M1a_vs_M2a	10	3054	0.477254	False	8.542	2	0.014	0.03627509293680298	True
CR2	M7_vs_M8	10	3054	0.477254	False	12.217	2	0.0022	0.007132093023255814	True
C5AR1	M1a_vs_M2a	14	975	0.79842	False	46.437	2	0.0	0.0	True
C5AR1	M7_vs_M8	14	975	0.79842	False	62.264	2	0.0	0.0	True
TLR2	M1a_vs_M2a	12	2337	0.559236	False	0.0	2	1.0	1.0	False
TLR2	M7_vs_M8	12	2337	0.559236	False	2.316	2	0.3141	0.5500695979899497	False
CXCL11	M1a_vs_M2a	12	234	0.502843	False	12.148	2	0.0023	0.0074046189376443415	True
CXCL11	M7_vs_M8	12	234	0.502843	False	13.503	2	0.0012	0.0040999999999999995	True
TRIM21	M1a_vs_M2a	13	687	0.550434	False	0.0	2	1.0	1.0	False
TRIM21	M7_vs_M8	13	687	0.550434	False	5.145	2	0.0763	0.15898684603886398	False
CD300A	M1a_vs_M2a	4	897	0.269096	False	9.852	2	0.0073	0.020231013916500992	True
CD300A	M7_vs_M8	4	897	0.269096	False	10.022	2	0.0067	0.018868282828282828	True
DEFB113	M1a_vs_M2a	11	231	0.713657	False	19.689	2	0.0001	0.00043024691358024695	True
DEFB113	M7_vs_M8	11	231	0.713657	False	20.645	2	0.0	0.0	True
CD1C	M1a_vs_M2a	7	993	0.538743	False	1.61	2	0.4471	0.7500089049338148	False
CD1C	M7_vs_M8	7	993	0.538743	False	2.385	2	0.3034	0.5342962626262626	False
IL5	M1a_vs_M2a	13	357	0.58312	False	0.0	2	1.0	1.0	False
IL5	M7_vs_M8	13	357	0.58312	False	0.004	2	0.9982	1.0	False
ELANE	M1a_vs_M2a	12	642	0.467212	False	0.0	2	1.0	1.0	False
ELANE	M7_vs_M8	12	642	0.467212	False	4.623	2	0.0991	0.20226266471449486	False
C9	M1a_vs_M2a	13	1551	0.534417	False	31.209	2	0.0	0.0	True
C9	M7_vs_M8	13	1551	0.534417	False	51.848	2	0.0	0.0	True
C4BPA	M1a_vs_M2a	9	546	0.886655	False	20.184	2	0.0	0.0	True
C4BPA	M7_vs_M8	9	546	0.886655	False	27.212	2	0.0	0.0	True
VRK3	M1a_vs_M2a	14	954	0.428992	False	0.0	2	1.0	1.0	False
VRK3	M7_vs_M8	14	954	0.428992	False	9.471	2	0.0088	0.024006262230919766	True
BPIFB6	M1a_vs_M2a	15	1320	0.524709	False	0.0	2	1.0	1.0	False
BPIFB6	M7_vs_M8	15	1320	0.524709	False	14.368	2	0.0008	0.002852173913043478	True
CD19	M1a_vs_M2a	14	1464	0.53304	False	0.0	2	1.0	1.0	False
CD19	M7_vs_M8	14	1464	0.53304	False	14.239	2	0.0008	0.002852173913043478	True
IL23R	M1a_vs_M2a	15	1209	0.528381	False	0.0	2	1.0	1.0	False
IL23R	M7_vs_M8	15	1209	0.528381	False	6.665	2	0.0357	0.08225752066115703	False
CCL21	M1a_vs_M2a	12	354	0.462295	False	0.0	2	1.0	1.0	False
CCL21	M7_vs_M8	12	354	0.462295	False	0.506	2	0.7765	1.0	False
CCL25	M1a_vs_M2a	7	435	0.668301	False	15.739	2	0.0004	0.0015751412429378532	True
CCL25	M7_vs_M8	7	435	0.668301	False	18.92	2	0.0001	0.00043024691358024695	True
DEFB118	M1a_vs_M2a	9	216	0.873661	False	20.583	2	0.0	0.0	True
DEFB118	M7_vs_M8	9	216	0.873661	False	23.963	2	0.0	0.0	True
RNASEL	M1a_vs_M2a	15	2067	1.733403	True	82.284	2	0.0	0.0	True
RNASEL	M7_vs_M8	15	2067	1.733403	True	97.648	2	0.0	0.0	True
EDA2R	M1a_vs_M2a	10	834	0.311318	False	0.183	2	0.9125	1.0	False
EDA2R	M7_vs_M8	10	834	0.311318	False	3.871	2	0.1443	0.2784143845089903	False
GNLY	M1a_vs_M2a	5	420	0.626115	False	0.819	2	0.664	1.0	False
GNLY	M7_vs_M8	5	420	0.626115	False	1.497	2	0.473	0.7887105263157894	False
NCR3	M1a_vs_M2a	8	249	0.976744	False	2.567	2	0.2771	0.49333001277139216	False
NCR3	M7_vs_M8	8	249	0.976744	False	3.912	2	0.1414	0.2741468706536857	False
IFIT1	M1a_vs_M2a	9	1416	0.349257	False	13.863	2	0.001	0.0035202020202020207	True
IFIT1	M7_vs_M8	9	1416	0.349257	False	28.345	2	0.0	0.0	True
IL26	M1a_vs_M2a	12	501	0.642757	False	1.086	2	0.5809	0.9318464902186421	False
IL26	M7_vs_M8	12	501	0.642757	False	3.816	2	0.1484	0.28455240715268226	False
OAS3	M1a_vs_M2a	11	3012	0.647892	False	0.0	2	1.0	1.0	False
OAS3	M7_vs_M8	11	3012	0.647892	False	7.643	2	0.0219	0.05337167832167832	False
TREML1	M1a_vs_M2a	13	633	0.410432	False	0.0	2	1.0	1.0	False
TREML1	M7_vs_M8	13	633	0.410432	False	7.046	2	0.0295	0.06946452702702702	False
GBP2	M1a_vs_M2a	4	1521	4.272486	True	377.537	2	0.0	0.0	True
GBP2	M7_vs_M8	4	1521	4.272486	True	406.434	2	0.0	0.0	True
RELB	M1a_vs_M2a	9	480	0.888198	False	0.0	2	1.0	1.0	False
RELB	M7_vs_M8	9	480	0.888198	False	0.858	2	0.6511	1.0	False
SP140	M1a_vs_M2a	12	129	2.244049	True	1.165	2	0.5586	0.9044	False
SP140	M7_vs_M8	12	129	2.244049	True	3.346	2	0.1877	0.35215854643337824	False
CD40LG	M1a_vs_M2a	14	774	0.280719	False	0.0	2	1.0	1.0	False
CD40LG	M7_vs_M8	14	774	0.280719	False	-0.002	2	1.0	1.0	False
CD320	M1a_vs_M2a	11	501	0.773491	False	5.567	2	0.0618	0.13274144838212634	False
CD320	M7_vs_M8	11	501	0.773491	False	6.528	2	0.0382	0.08672768729641694	False
ZG16B	M1a_vs_M2a	6	471	12.628767	True	105.271	2	0.0	0.0	True
ZG16B	M7_vs_M8	6	471	12.628767	True	98.788	2	0.0	0.0	True
IL2RG	M1a_vs_M2a	14	921	0.382635	False	0.0	2	1.0	1.0	False
IL2RG	M7_vs_M8	14	921	0.382635	False	6.13	2	0.0467	0.10300601265822784	False
CD69	M1a_vs_M2a	15	561	0.684963	False	8.56	2	0.0138	0.03582346368715084	True
CD69	M7_vs_M8	15	561	0.684963	False	12.721	2	0.0017	0.005628978622327791	True
CXADR	M1a_vs_M2a	11	972	0.478047	False	0.012	2	0.9938	1.0	False
CXADR	M7_vs_M8	11	972	0.478047	False	0.038	2	0.981	1.0	False
NKG7	M1a_vs_M2a	14	456	0.693908	False	21.347	2	0.0	0.0	True
NKG7	M7_vs_M8	14	456	0.693908	False	32.442	2	0.0	0.0	True
RALA	M1a_vs_M2a	14	504	0.329054	False	0.0	2	0.9999	1.0	False
RALA	M7_vs_M8	14	504	0.329054	False	-0.005	2	1.0	1.0	False
IL5RA	M1a_vs_M2a	11	1050	0.447704	False	0.0	2	1.0	1.0	False
IL5RA	M7_vs_M8	11	1050	0.447704	False	2.786	2	0.2483	0.44893670557717247	False
CD99	M1a_vs_M2a	7	426	2.592813	True	0.0	2	1.0	1.0	False
CD99	M7_vs_M8	7	426	2.592813	True	-0.0	2	1.0	1.0	False
UBE2L6	M1a_vs_M2a	13	417	0.565887	False	0.0	2	1.0	1.0	False
UBE2L6	M7_vs_M8	13	417	0.565887	False	0.158	2	0.9239	1.0	False
MASP2	M1a_vs_M2a	11	2043	0.40529	False	0.0	2	1.0	1.0	False
MASP2	M7_vs_M8	11	2043	0.40529	False	3.499	2	0.1739	0.32847777777777776	False
CDKN1A	M1a_vs_M2a	13	333	1.272134	True	0.0	2	1.0	1.0	False
CDKN1A	M7_vs_M8	13	333	1.272134	True	1.23	2	0.5407	0.8825946135831381	False
OSCAR	M1a_vs_M2a	10	744	0.632104	False	0.0	2	1.0	1.0	False
OSCAR	M7_vs_M8	10	744	0.632104	False	2.28	2	0.3199	0.5581234042553193	False
C1R	M1a_vs_M2a	11	1884	0.433728	False	0.0	2	1.0	1.0	False
C1R	M7_vs_M8	11	1884	0.433728	False	5.518	2	0.0633	0.13575415384615383	False
CST11	M1a_vs_M2a	10	411	0.586593	False	0.632	2	0.7292	1.0	False
CST11	M7_vs_M8	10	411	0.586593	False	3.551	2	0.1694	0.32084728260869566	False
IL1R2	M1a_vs_M2a	14	1131	1.052326	True	21.535	2	0.0	0.0	True
IL1R2	M7_vs_M8	14	1131	1.052326	True	20.199	2	0.0	0.0	True
CRTAM	M1a_vs_M2a	14	534	0.51327	False	0.0	2	1.0	1.0	False
CRTAM	M7_vs_M8	14	534	0.51327	False	-0.0	2	1.0	1.0	False
WFDC9	M1a_vs_M2a	8	183	0.791917	False	0.0	2	1.0	1.0	False
WFDC9	M7_vs_M8	8	183	0.791917	False	1.685	2	0.4305	0.7247789855072464	False
SH2D1B	M1a_vs_M2a	8	387	0.844211	False	0.714	2	0.6998	1.0	False
SH2D1B	M7_vs_M8	8	387	0.844211	False	2.702	2	0.259	0.46586580645161296	False
FCN3	M1a_vs_M2a	6	684	0.693302	False	0.0	2	1.0	1.0	False
FCN3	M7_vs_M8	6	684	0.693302	False	-0.0	2	1.0	1.0	False
TNFRSF1B	M1a_vs_M2a	14	876	0.612557	False	0.0	2	1.0	1.0	False
TNFRSF1B	M7_vs_M8	14	876	0.612557	False	1.519	2	0.468	0.7822446043165469	False
PARP9	M1a_vs_M2a	14	2343	0.746393	False	263.171	2	0.0	0.0	True
PARP9	M7_vs_M8	14	2343	0.746393	False	283.391	2	0.0	0.0	True
MSLN	M1a_vs_M2a	12	1131	0.752914	False	0.0	2	1.0	1.0	False
MSLN	M7_vs_M8	12	1131	0.752914	False	3.871	2	0.1444	0.2784143845089903	False
JAML	M1a_vs_M2a	8	1068	0.544002	False	5.362	2	0.0685	0.14467231467473524	False
JAML	M7_vs_M8	8	1068	0.544002	False	7.43	2	0.0244	0.058644137931034485	False
TNFSF14	M1a_vs_M2a	14	705	0.610201	False	0.0	2	1.0	1.0	False
TNFSF14	M7_vs_M8	14	705	0.610201	False	9.969	2	0.0068	0.019072837022132798	True
TRIM25	M1a_vs_M2a	14	912	0.856127	False	0.0	2	1.0	1.0	False
TRIM25	M7_vs_M8	14	912	0.856127	False	9.489	2	0.0087	0.02378	True
ACKR2	M1a_vs_M2a	12	1098	0.588915	False	0.0	2	1.0	1.0	False
ACKR2	M7_vs_M8	12	1098	0.588915	False	3.947	2	0.139	0.2710013986013986	False
IL6R	M1a_vs_M2a	11	1158	0.860152	False	0.0	2	1.0	1.0	False
IL6R	M7_vs_M8	11	1158	0.860152	False	8.302	2	0.0157	0.04015743119266055	True
NCR2	M1a_vs_M2a	7	570	1.838601	True	63.358	2	0.0	0.0	True
NCR2	M7_vs_M8	7	570	1.838601	True	66.313	2	0.0	0.0	True
CD44	M1a_vs_M2a	14	1221	0.366775	False	0.0	2	1.0	1.0	False
CD44	M7_vs_M8	14	1221	0.366775	False	5.845	2	0.0538	0.117183125	False
IL18BP	M1a_vs_M2a	11	483	0.57182	False	7.51	2	0.0234	0.05663125	False
IL18BP	M7_vs_M8	11	483	0.57182	False	12.211	2	0.0022	0.007132093023255814	True
SPINK13	M1a_vs_M2a	12	156	1.070295	True	3.17	2	0.2049	0.38084080000000003	False
SPINK13	M7_vs_M8	12	156	1.070295	True	11.148	2	0.0038	0.011565938864628821	True
SDC1	M1a_vs_M2a	11	783	0.659615	False	0.0	2	1.0	1.0	False
SDC1	M7_vs_M8	11	783	0.659615	False	0.591	2	0.7442	1.0	False
USP18	M1a_vs_M2a	11	870	0.456276	False	0.0	2	1.0	1.0	False
USP18	M7_vs_M8	11	870	0.456276	False	0.016	2	0.992	1.0	False
CSF3R	M1a_vs_M2a	14	2460	0.732309	False	0.0	2	1.0	1.0	False
CSF3R	M7_vs_M8	14	2460	0.732309	False	15.951	2	0.0003	0.0012086705202312138	True
COLEC11	M1a_vs_M2a	13	723	2.734517	True	1.978	2	0.3719	0.6347221542227662	False
COLEC11	M7_vs_M8	13	723	2.734517	True	5.935	2	0.0514	0.11265974842767296	False
TCL1B	M1a_vs_M2a	9	357	0.496134	False	0.446	2	0.8002	1.0	False
TCL1B	M7_vs_M8	9	357	0.496134	False	2.796	2	0.2471	0.4473472727272727	False
TCL1A	M1a_vs_M2a	9	327	1.312275	True	0.0	2	1.0	1.0	False
TCL1A	M7_vs_M8	9	327	1.312275	True	9.158	2	0.0103	0.027611923076923076	True
TUBAL3	M1a_vs_M2a	15	1215	0.313079	False	1.276	2	0.5283	0.866412	False
TUBAL3	M7_vs_M8	15	1215	0.313079	False	11.777	2	0.0028	0.008790990990990991	True
SOD1	M1a_vs_M2a	11	435	0.704113	False	6.706	2	0.035	0.08104651162790699	False
SOD1	M7_vs_M8	11	435	0.704113	False	10.923	2	0.0042	0.012563948497854076	True
IL33	M1a_vs_M2a	14	399	0.725694	False	3.854	2	0.1456	0.2799536551724138	False
IL33	M7_vs_M8	14	399	0.725694	False	7.239	2	0.0268	0.06375290102389079	False
TNF	M1a_vs_M2a	15	633	0.345666	False	0.0	2	1.0	1.0	False
TNF	M7_vs_M8	15	633	0.345666	False	8.588	2	0.0136	0.03543626168224299	True
MAPKAPK2	M1a_vs_M2a	14	774	0.372412	False	13.699	2	0.0011	0.0038144278606965175	True
MAPKAPK2	M7_vs_M8	14	774	0.372412	False	17.964	2	0.0001	0.00043024691358024695	True
C1QB	M1a_vs_M2a	15	702	0.974155	False	0.0	2	1.0	1.0	False
C1QB	M7_vs_M8	15	702	0.974155	False	8.457	2	0.0146	0.03768962962962963	True
C1QC	M1a_vs_M2a	13	564	0.521778	False	0.0	2	1.0	1.0	False
C1QC	M7_vs_M8	13	564	0.521778	False	-0.0	2	1.0	1.0	False
BPIFA1	M1a_vs_M2a	11	600	0.901277	False	2.493	2	0.2875	0.5105414012738854	False
BPIFA1	M7_vs_M8	11	600	0.901277	False	4.312	2	0.1158	0.2322664748201439	False
FAAP100	M1a_vs_M2a	14	2451	0.42358	False	0.0	2	1.0	1.0	False
FAAP100	M7_vs_M8	14	2451	0.42358	False	8.869	2	0.0119	0.03153726235741445	True
CD1D	M1a_vs_M2a	11	609	0.517368	False	14.581	2	0.0007	0.0025149484536082477	True
CD1D	M7_vs_M8	11	609	0.517368	False	25.247	2	0.0	0.0	True
CFB	M1a_vs_M2a	12	1992	0.398456	False	107.199	2	0.0	0.0	True
CFB	M7_vs_M8	12	1992	0.398456	False	119.754	2	0.0	0.0	True
GIMAP8	M1a_vs_M2a	12	1650	0.852589	False	20.843	2	0.0	0.0	True
GIMAP8	M7_vs_M8	12	1650	0.852589	False	34.234	2	0.0	0.0	True
F2	M1a_vs_M2a	14	1701	0.343057	False	6.968	2	0.0307	0.07204680134680136	False
F2	M7_vs_M8	14	1701	0.343057	False	10.652	2	0.0049	0.014410548523206751	True
IL17A	M1a_vs_M2a	14	459	0.460694	False	0.0	2	1.0	1.0	False
IL17A	M7_vs_M8	14	459	0.460694	False	0.047	2	0.9766	1.0	False
SH2D1A	M1a_vs_M2a	15	267	0.42461	False	3.767	2	0.1521	0.29124642857142863	False
SH2D1A	M7_vs_M8	15	267	0.42461	False	2.958	2	0.2278	0.417284099868594	False
CT83	M1a_vs_M2a	5	336	0.524102	False	0.21	2	0.9005	1.0	False
CT83	M7_vs_M8	5	336	0.524102	False	0.514	2	0.7736	1.0	False
CD3D	M1a_vs_M2a	13	438	0.568899	False	19.488	2	0.0001	0.00043024691358024695	True
CD3D	M7_vs_M8	13	438	0.568899	False	21.931	2	0.0	0.0	True
IL13	M1a_vs_M2a	10	375	0.615421	False	7.779	2	0.0205	0.05031161971830986	False
IL13	M7_vs_M8	10	375	0.615421	False	15.14	2	0.0005	0.0018940217391304349	True
PTPN1	M1a_vs_M2a	13	1056	0.476097	False	0.0	2	1.0	1.0	False
PTPN1	M7_vs_M8	13	1056	0.476097	False	-0.0	2	1.0	1.0	False
STX3	M1a_vs_M2a	14	642	1.039267	True	0.0	2	1.0	1.0	False
STX3	M7_vs_M8	14	642	1.039267	True	0.027	2	0.9864	1.0	False
TNFRSF11A	M1a_vs_M2a	14	1506	0.450474	False	0.0	2	1.0	1.0	False
TNFRSF11A	M7_vs_M8	14	1506	0.450474	False	6.325	2	0.0423	0.09480096463022507	False
VTN	M1a_vs_M2a	15	1071	0.514486	False	14.629	2	0.0007	0.0025149484536082477	True
VTN	M7_vs_M8	15	1071	0.514486	False	25.469	2	0.0	0.0	True
CXCR1	M1a_vs_M2a	5	1050	0.540131	False	4.278	2	0.1178	0.23492589413447781	False
CXCR1	M7_vs_M8	5	1050	0.540131	False	5.702	2	0.0578	0.1251136645962733	False
FANCC	M1a_vs_M2a	15	1647	0.483061	False	0.0	2	1.0	1.0	False
FANCC	M7_vs_M8	15	1647	0.483061	False	16.164	2	0.0003	0.0012086705202312138	True
CSF2RA	M1a_vs_M2a	9	681	3.452219	True	8.173	2	0.0168	0.04273576642335766	True
CSF2RA	M7_vs_M8	9	681	3.452219	True	12.468	2	0.002	0.006529274004683841	True
LYPD8	M1a_vs_M2a	12	627	0.913525	False	9.401	2	0.0091	0.024776171875	True
LYPD8	M7_vs_M8	12	627	0.913525	False	11.019	2	0.004	0.012095444685466378	True
HERC5	M1a_vs_M2a	11	1944	0.424953	False	0.0	2	1.0	1.0	False
HERC5	M7_vs_M8	11	1944	0.424953	False	4.209	2	0.1219	0.24171920341394026	False
RNASE9	M1a_vs_M2a	13	603	0.563355	False	0.021	2	0.9895	1.0	False
RNASE9	M7_vs_M8	13	603	0.563355	False	10.743	2	0.0046	0.013614437367303608	True
IL12RB2	M1a_vs_M2a	14	2433	0.552559	False	5.604	2	0.0607	0.13078176197836167	False
IL12RB2	M7_vs_M8	14	2433	0.552559	False	14.716	2	0.0006	0.0022068601583113455	True
CXCL5	M1a_vs_M2a	6	318	0.3275	False	0.0	2	1.0	1.0	False
CXCL5	M7_vs_M8	6	318	0.3275	False	-0.0	2	1.0	1.0	False
MID1	M1a_vs_M2a	14	1386	0.333887	False	25.186	2	0.0	0.0	True
MID1	M7_vs_M8	14	1386	0.333887	False	26.985	2	0.0	0.0	True
SELL	M1a_vs_M2a	12	1068	0.426256	False	0.0	2	1.0	1.0	False
SELL	M7_vs_M8	12	1068	0.426256	False	6.136	2	0.0465	0.10272741679873218	False
NOD1	M1a_vs_M2a	14	2781	0.457714	False	9.161	2	0.0103	0.027611923076923076	True
NOD1	M7_vs_M8	14	2781	0.457714	False	6.646	2	0.036	0.08253947368421052	False
TRIM38	M1a_vs_M2a	13	1365	1.317605	True	7.794	2	0.0203	0.04999681978798586	True
TRIM38	M7_vs_M8	13	1365	1.317605	True	34.084	2	0.0	0.0	True
KLRF1	M1a_vs_M2a	11	588	0.317256	False	0.0	2	1.0	1.0	False
KLRF1	M7_vs_M8	11	588	0.317256	False	1.646	2	0.4391	0.7374763855421687	False
COL17A1	M1a_vs_M2a	15	2772	0.347618	False	19.366	2	0.0001	0.00043024691358024695	True
COL17A1	M7_vs_M8	15	2772	0.347618	False	13.552	2	0.0011	0.0038144278606965175	True
CRLF2	M1a_vs_M2a	8	978	3.858542	True	0.0	2	1.0	1.0	False
CRLF2	M7_vs_M8	8	978	3.858542	True	12.019	2	0.0025	0.00790249433106576	True
SFTPD	M1a_vs_M2a	11	1074	0.526672	False	27.698	2	0.0	0.0	True
SFTPD	M7_vs_M8	11	1074	0.526672	False	38.78	2	0.0	0.0	True
CD300C	M1a_vs_M2a	10	369	0.875651	False	38.796	2	0.0	0.0	True
CD300C	M7_vs_M8	10	369	0.875651	False	38.621	2	0.0	0.0	True
PGLYRP4	M1a_vs_M2a	13	993	0.410781	False	0.0	2	1.0	1.0	False
PGLYRP4	M7_vs_M8	13	993	0.410781	False	1.805	2	0.4056	0.6870065613608749	False
IL22RA1	M1a_vs_M2a	15	1644	0.571799	False	0.0	2	1.0	1.0	False
IL22RA1	M7_vs_M8	15	1644	0.571799	False	3.162	2	0.2057	0.3818186418109188	False
HAVCR2	M1a_vs_M2a	12	768	0.49696	False	6.356	2	0.0417	0.09375774193548388	False
HAVCR2	M7_vs_M8	12	768	0.49696	False	6.937	2	0.0312	0.0729744966442953	False
IFNL1	M1a_vs_M2a	6	531	1.240489	True	0.0	2	1.0	1.0	False
IFNL1	M7_vs_M8	6	531	1.240489	True	-0.0	2	1.0	1.0	False
IFNLR1	M1a_vs_M2a	15	1281	0.646678	False	0.0	2	1.0	1.0	False
IFNLR1	M7_vs_M8	15	1281	0.646678	False	7.417	2	0.0245	0.05868213058419244	False
TRIM14	M1a_vs_M2a	14	1302	0.584713	False	0.0	2	1.0	1.0	False
TRIM14	M7_vs_M8	14	1302	0.584713	False	2.602	2	0.2723	0.4866489743589743	False
CD2	M1a_vs_M2a	15	747	0.784101	False	51.382	2	0.0	0.0	True
CD2	M7_vs_M8	15	747	0.784101	False	53.842	2	0.0	0.0	True
SPINK1	M1a_vs_M2a	12	186	0.836104	False	4.767	2	0.0922	0.18956755162241887	False
SPINK1	M7_vs_M8	12	186	0.836104	False	11.427	2	0.0033	0.010199999999999999	True
CCL13	M1a_vs_M2a	7	291	0.358619	False	0.0	2	1.0	1.0	False
CCL13	M7_vs_M8	7	291	0.358619	False	0.1	2	0.9511	1.0	False
CLU	M1a_vs_M2a	11	1266	0.43314	False	0.0	2	1.0	1.0	False
CLU	M7_vs_M8	11	1266	0.43314	False	0.169	2	0.9188	1.0	False
C8G	M1a_vs_M2a	12	591	0.488066	False	0.0	2	1.0	1.0	False
C8G	M7_vs_M8	12	591	0.488066	False	-0.0	2	1.0	1.0	False
PTPRJ	M1a_vs_M2a	10	3396	0.652276	False	58.235	2	0.0	0.0	True
PTPRJ	M7_vs_M8	10	3396	0.652276	False	101.33	2	0.0	0.0	True
IL10RB	M1a_vs_M2a	12	894	0.499592	False	0.0	2	1.0	1.0	False
IL10RB	M7_vs_M8	12	894	0.499592	False	12.881	2	0.0016	0.005323150357995227	True
DEFB119	M1a_vs_M2a	7	246	0.54957	False	0.851	2	0.6533	1.0	False
DEFB119	M7_vs_M8	7	246	0.54957	False	1.222	2	0.5428	0.8839523364485982	False
IL18RAP	M1a_vs_M2a	14	1668	0.540873	False	0.0	2	1.0	1.0	False
IL18RAP	M7_vs_M8	14	1668	0.540873	False	6.785	2	0.0336	0.07819432387312186	False
HMOX1	M1a_vs_M2a	13	852	0.454452	False	0.0	2	1.0	1.0	False
HMOX1	M7_vs_M8	13	852	0.454452	False	0.026	2	0.9873	1.0	False
RNF7	M1a_vs_M2a	12	243	0.952843	False	0.0	2	1.0	1.0	False
RNF7	M7_vs_M8	12	243	0.952843	False	-0.0	2	1.0	1.0	False
NOD2	M1a_vs_M2a	15	2724	0.440229	False	0.0	2	1.0	1.0	False
NOD2	M7_vs_M8	15	2724	0.440229	False	7.772	2	0.0205	0.05031161971830986	False
SNCA	M1a_vs_M2a	13	297	0.494759	False	72.317	2	0.0	0.0	True
SNCA	M7_vs_M8	13	297	0.494759	False	75.787	2	0.0	0.0	True
CASP8	M1a_vs_M2a	13	1338	0.338359	False	7.616	2	0.0222	0.054008376963350785	False
CASP8	M7_vs_M8	13	1338	0.338359	False	23.398	2	0.0	0.0	True
YBX1	M1a_vs_M2a	7	963	0.130071	False	0.0	2	0.9999	1.0	False
YBX1	M7_vs_M8	7	963	0.130071	False	-0.0	2	1.0	1.0	False
NPPB	M1a_vs_M2a	13	321	1.484785	True	24.855	2	0.0	0.0	True
NPPB	M7_vs_M8	13	321	1.484785	True	25.641	2	0.0	0.0	True
TNFRSF14	M1a_vs_M2a	7	732	1.225699	True	37.876	2	0.0	0.0	True
TNFRSF14	M7_vs_M8	7	732	1.225699	True	50.836	2	0.0	0.0	True
SIGLEC1	M1a_vs_M2a	14	4935	0.488188	False	0.0	2	1.0	1.0	False
SIGLEC1	M7_vs_M8	14	4935	0.488188	False	43.18	2	0.0	0.0	True
ART1	M1a_vs_M2a	13	816	0.443966	False	0.0	2	1.0	1.0	False
ART1	M7_vs_M8	13	816	0.443966	False	-0.003	2	1.0	1.0	False
BPIFB1	M1a_vs_M2a	12	1392	0.870521	False	0.0	2	1.0	1.0	False
BPIFB1	M7_vs_M8	12	1392	0.870521	False	8.104	2	0.0174	0.043782671480144406	True
C5	M1a_vs_M2a	11	834	1.126785	True	12.101	2	0.0024	0.007655835240274599	True
C5	M7_vs_M8	11	834	1.126785	True	32.022	2	0.0	0.0	True
CD160	M1a_vs_M2a	10	528	0.555761	False	5.956	2	0.0509	0.11173952755905513	False
CD160	M7_vs_M8	10	528	0.555761	False	6.941	2	0.0311	0.07286285714285715	False
IL10	M1a_vs_M2a	15	447	0.553309	False	0.0	2	1.0	1.0	False
IL10	M7_vs_M8	15	447	0.553309	False	1.51	2	0.4701	0.7848136526946108	False
DEFB134	M1a_vs_M2a	10	198	0.365746	False	1.103	2	0.5761	0.9273480369515011	False
DEFB134	M7_vs_M8	10	198	0.365746	False	1.125	2	0.5698	0.9193300925925926	False
IL23A	M1a_vs_M2a	15	351	0.542718	False	0.0	2	1.0	1.0	False
IL23A	M7_vs_M8	15	351	0.542718	False	-0.0	2	1.0	1.0	False
CFI	M1a_vs_M2a	15	1482	0.375424	False	21.471	2	0.0	0.0	True
CFI	M7_vs_M8	15	1482	0.375424	False	26.997	2	0.0	0.0	True
ICAM3	M1a_vs_M2a	10	1059	0.846573	False	0.0	2	1.0	1.0	False
ICAM3	M7_vs_M8	10	1059	0.846573	False	4.504	2	0.1052	0.21284296081277213	False
FANCB	M1a_vs_M2a	14	1305	0.936346	False	4.569	2	0.1018	0.20686472303206996	False
FANCB	M7_vs_M8	14	1305	0.936346	False	13.302	2	0.0013	0.004409245742092457	True
IL9R	M1a_vs_M2a	11	1122	0.582422	False	0.0	2	1.0	1.0	False
IL9R	M7_vs_M8	11	1122	0.582422	False	0.826	2	0.6615	1.0	False
ITLN1	M1a_vs_M2a	9	489	0.546284	False	3.054	2	0.2172	0.4010288741721854	False
ITLN1	M7_vs_M8	9	489	0.546284	False	9.845	2	0.0073	0.020231013916500992	True
CFD	M1a_vs_M2a	13	597	0.832985	False	0.0	2	1.0	1.0	False
CFD	M7_vs_M8	13	597	0.832985	False	-0.002	2	1.0	1.0	False
BIRC3	M1a_vs_M2a	14	1722	0.560526	False	0.0	2	1.0	1.0	False
BIRC3	M7_vs_M8	14	1722	0.560526	False	0.092	2	0.9552	1.0	False
IL3	M1a_vs_M2a	8	378	2.135374	True	22.189	2	0.0	0.0	True
IL3	M7_vs_M8	8	378	2.135374	True	25.599	2	0.0	0.0	True
IFNB1	M1a_vs_M2a	8	528	0.991205	False	8.721	2	0.0128	0.03353984962406015	True
IFNB1	M7_vs_M8	8	528	0.991205	False	9.99	2	0.0068	0.019072837022132798	True
PGLYRP3	M1a_vs_M2a	8	1011	0.400762	False	0.0	2	1.0	1.0	False
PGLYRP3	M7_vs_M8	8	1011	0.400762	False	1.389	2	0.4994	0.8228884160756501	False
SERPINA12	M1a_vs_M2a	15	1158	0.493596	False	0.0	2	1.0	1.0	False
SERPINA12	M7_vs_M8	15	1158	0.493596	False	14.563	2	0.0007	0.0025149484536082477	True
BIRC5	M1a_vs_M2a	11	321	0.370182	False	2.438	2	0.2956	0.5235913595933925	False
BIRC5	M7_vs_M8	11	321	0.370182	False	1.14	2	0.5656	0.9136111239860949	False
DEFB110	M1a_vs_M2a	13	195	0.471766	False	1.449	2	0.4845	0.8049976162097736	False
DEFB110	M7_vs_M8	13	195	0.471766	False	3.283	2	0.1936	0.36176729222520104	False
FCAMR	M1a_vs_M2a	13	1233	1.147153	True	6.66	2	0.0358	0.08235181518151816	False
FCAMR	M7_vs_M8	13	1233	1.147153	True	15.082	2	0.0005	0.0018940217391304349	True
CD36	M1a_vs_M2a	11	1308	0.316311	False	0.0	2	1.0	1.0	False
CD36	M7_vs_M8	11	1308	0.316311	False	7.21	2	0.0272	0.0644843537414966	False
C1QA	M1a_vs_M2a	14	726	1.465733	True	337.809	2	0.0	0.0	True
C1QA	M7_vs_M8	14	726	1.465733	True	356.444	2	0.0	0.0	True
CCR8	M1a_vs_M2a	10	1050	0.641442	False	0.0	2	1.0	1.0	False
CCR8	M7_vs_M8	10	1050	0.641442	False	6.193	2	0.0452	0.10087571884984024	False
IRAK1	M1a_vs_M2a	14	1218	0.486518	False	0.0	2	1.0	1.0	False
IRAK1	M7_vs_M8	14	1218	0.486518	False	0.07	2	0.9656	1.0	False
OAS1	M1a_vs_M2a	10	900	0.997187	False	47.759	2	0.0	0.0	True
OAS1	M7_vs_M8	10	900	0.997187	False	58.808	2	0.0	0.0	True
TRIM6	M1a_vs_M2a	14	1461	0.351851	False	0.0	2	1.0	1.0	False
TRIM6	M7_vs_M8	14	1461	0.351851	False	10.954	2	0.0042	0.012563948497854076	True
PRG2	M1a_vs_M2a	10	375	1.162407	True	23.202	2	0.0	0.0	True
PRG2	M7_vs_M8	10	375	1.162407	True	30.787	2	0.0	0.0	True
TRIM31	M1a_vs_M2a	10	489	0.953657	False	7.416	2	0.0245	0.05868213058419244	False
TRIM31	M7_vs_M8	10	489	0.953657	False	14.931	2	0.0006	0.0022068601583113455	True
FANCA	M1a_vs_M2a	15	3309	0.86079	False	0.0	2	1.0	1.0	False
FANCA	M7_vs_M8	15	3309	0.86079	False	6.649	2	0.036	0.08253947368421052	False
CEACAM20	M1a_vs_M2a	11	1290	0.711251	False	4.73	2	0.0939	0.1922123348017621	False
CEACAM20	M7_vs_M8	11	1290	0.711251	False	9.199	2	0.0101	0.027232882011605418	True
IL1R1	M1a_vs_M2a	13	1653	0.679239	False	8.06	2	0.0178	0.04462805755395683	True
IL1R1	M7_vs_M8	13	1653	0.679239	False	25.859	2	0.0	0.0	True
IL22	M1a_vs_M2a	14	528	0.441743	False	8.323	2	0.0156	0.040048618784530386	True
IL22	M7_vs_M8	14	528	0.441743	False	18.872	2	0.0001	0.00043024691358024695	True
ACKR1	M1a_vs_M2a	11	936	0.651503	False	7.81	2	0.0201	0.04959185840707964	True
ACKR1	M7_vs_M8	11	936	0.651503	False	20.024	2	0.0	0.0	True
VAMP7	M1a_vs_M2a	13	426	0.759976	False	34.689	2	0.0	0.0	True
VAMP7	M7_vs_M8	13	426	0.759976	False	39.961	2	0.0	0.0	True
PTAFR	M1a_vs_M2a	15	1023	0.373762	False	1.39	2	0.499	0.8228884160756501	False
PTAFR	M7_vs_M8	15	1023	0.373762	False	5.086	2	0.0786	0.16329120715350226	False
B2M	M1a_vs_M2a	10	324	0.536768	False	0.0	2	1.0	1.0	False
B2M	M7_vs_M8	10	324	0.536768	False	0.108	2	0.9472	1.0	False
IRF1	M1a_vs_M2a	12	957	0.353379	False	0.0	2	1.0	1.0	False
IRF1	M7_vs_M8	12	957	0.353379	False	-0.001	2	1.0	1.0	False
EBI3	M1a_vs_M2a	12	651	0.872681	False	0.0	2	1.0	1.0	False
EBI3	M7_vs_M8	12	651	0.872681	False	4.242	2	0.1199	0.23877228571428571	False
LRRC25	M1a_vs_M2a	12	825	1.392517	True	0.0	2	1.0	1.0	False
LRRC25	M7_vs_M8	12	825	1.392517	True	3.925	2	0.1405	0.2731617852161785	False
MAPK11	M1a_vs_M2a	15	15	0.52739	False	0.0	2	0.9998	1.0	False
MAPK11	M7_vs_M8	15	15	0.52739	False	-0.0	2	1.0	1.0	False
TNFRSF25	M1a_vs_M2a	14	948	0.577581	False	0.0	2	1.0	1.0	False
TNFRSF25	M7_vs_M8	14	948	0.577581	False	12.157	2	0.0023	0.0074046189376443415	True
SLA2	M1a_vs_M2a	11	765	0.412556	False	0.0	2	1.0	1.0	False
SLA2	M7_vs_M8	11	765	0.412556	False	-0.0	2	1.0	1.0	False
AIP	M1a_vs_M2a	14	429	7.135216	True	0.0	2	1.0	1.0	False
AIP	M7_vs_M8	14	429	7.135216	True	13.94	2	0.0009	0.003200510204081633	True
CD244	M1a_vs_M2a	12	954	0.966	False	104.145	2	0.0	0.0	True
CD244	M7_vs_M8	12	954	0.966	False	120.709	2	0.0	0.0	True
CSN1S1	M1a_vs_M2a	10	432	1.320836	True	9.66	2	0.008	0.022039525691699605	True
CSN1S1	M7_vs_M8	10	432	1.320836	True	15.884	2	0.0004	0.0015751412429378532	True
GHR	M1a_vs_M2a	14	1734	0.437602	False	0.0	2	1.0	1.0	False
GHR	M7_vs_M8	14	1734	0.437602	False	15.365	2	0.0005	0.0018940217391304349	True
C2	M1a_vs_M2a	12	1806	0.495669	False	0.0	2	1.0	1.0	False
C2	M7_vs_M8	12	1806	0.495669	False	20.25	2	0.0	0.0	True
CR1	M1a_vs_M2a	10	195	0.663246	False	0.0	2	1.0	1.0	False
CR1	M7_vs_M8	10	195	0.663246	False	2.993	2	0.2239	0.4117633245382586	False
LCN2	M1a_vs_M2a	12	594	0.487374	False	2.911	2	0.2332	0.42494222222222217	False
LCN2	M7_vs_M8	12	594	0.487374	False	12.545	2	0.0019	0.006232	True
SP100	M1a_vs_M2a	8	1827	0.648974	False	57.899	2	0.0	0.0	True
SP100	M7_vs_M8	8	1827	0.648974	False	74.92	2	0.0	0.0	True
IL17RB	M1a_vs_M2a	14	999	0.690407	False	0.0	2	1.0	1.0	False
IL17RB	M7_vs_M8	14	999	0.690407	False	6.478	2	0.0392	0.0887090909090909	False
RNASE6	M1a_vs_M2a	12	447	0.600181	False	2.325	2	0.3127	0.5489972292191435	False
RNASE6	M7_vs_M8	12	447	0.600181	False	4.896	2	0.0865	0.17837426035502957	False
FPR1	M1a_vs_M2a	8	945	0.532115	False	18.991	2	0.0001	0.00043024691358024695	True
FPR1	M7_vs_M8	8	945	0.532115	False	27.225	2	0.0	0.0	True
IFIT3	M1a_vs_M2a	12	1209	0.894211	False	0.729	2	0.6947	1.0	False
IFIT3	M7_vs_M8	12	1209	0.894211	False	13.523	2	0.0012	0.0040999999999999995	True
PIP	M1a_vs_M2a	13	291	3.416861	True	36.207	2	0.0	0.0	True
PIP	M7_vs_M8	13	291	3.416861	True	44.24	2	0.0	0.0	True
RBX1	M1a_vs_M2a	11	225	9.999998	True	0.001	2	0.9993	1.0	False
RBX1	M7_vs_M8	11	225	9.999998	True	-0.002	2	1.0	1.0	False
STAT2	M1a_vs_M2a	14	606	0.672662	False	9.252	2	0.0098	0.026526601941747573	True
STAT2	M7_vs_M8	14	606	0.672662	False	14.978	2	0.0006	0.0022068601583113455	True
NLRC5	M1a_vs_M2a	15	4839	0.583296	False	0.0	2	1.0	1.0	False
NLRC5	M7_vs_M8	15	4839	0.583296	False	55.228	2	0.0	0.0	True
ICAM4	M1a_vs_M2a	12	480	0.760682	False	0.0	2	1.0	1.0	False
ICAM4	M7_vs_M8	12	480	0.760682	False	5.718	2	0.0573	0.12422426127527215	False
BECN2	M1a_vs_M2a	11	1059	0.881389	False	0.0	2	1.0	1.0	False
BECN2	M7_vs_M8	11	1059	0.881389	False	8.804	2	0.0122	0.03227096774193548	True
IL1RN	M1a_vs_M2a	12	465	0.457507	False	0.0	2	1.0	1.0	False
IL1RN	M7_vs_M8	12	465	0.457507	False	4.911	2	0.0858	0.1771928888888889	False
IFNAR1	M1a_vs_M2a	11	1452	0.991346	False	6.543	2	0.0379	0.08618694942903753	False
IFNAR1	M7_vs_M8	11	1452	0.991346	False	23.255	2	0.0	0.0	True
IL1RL2	M1a_vs_M2a	11	1545	0.587638	False	0.0	2	1.0	1.0	False
IL1RL2	M7_vs_M8	11	1545	0.587638	False	10.472	2	0.0053	0.015392083333333332	True
LIFR	M1a_vs_M2a	14	2637	0.526432	False	0.0	2	1.0	1.0	False
LIFR	M7_vs_M8	14	2637	0.526432	False	2.979	2	0.2255	0.41415942028985514	False
VCAM1	M1a_vs_M2a	13	1341	0.790449	False	0.0	2	1.0	1.0	False
VCAM1	M7_vs_M8	13	1341	0.790449	False	3.111	2	0.211	0.39061620185922974	False
CD1B	M1a_vs_M2a	8	879	0.68574	False	12.891	2	0.0016	0.005323150357995227	True
CD1B	M7_vs_M8	8	879	0.68574	False	24.0	2	0.0	0.0	True
PASD1	M1a_vs_M2a	7	1335	3.675029	True	26.954	2	0.0	0.0	True
PASD1	M7_vs_M8	7	1335	3.675029	True	31.396	2	0.0	0.0	True
SERPING1	M1a_vs_M2a	15	1170	1.075697	True	14.189	2	0.0008	0.002852173913043478	True
SERPING1	M7_vs_M8	15	1170	1.075697	True	28.604	2	0.0	0.0	True
PLAUR	M1a_vs_M2a	14	549	0.729746	False	4.594	2	0.1006	0.2047246715328467	False
PLAUR	M7_vs_M8	14	549	0.729746	False	6.411	2	0.0405	0.09135436893203884	False
SERPINB2	M1a_vs_M2a	12	1125	0.400699	False	0.0	2	1.0	1.0	False
SERPINB2	M7_vs_M8	12	1125	0.400699	False	8.605	2	0.0135	0.03524157303370787	True
CTF1	M1a_vs_M2a	11	483	0.989871	False	0.0	2	1.0	1.0	False
CTF1	M7_vs_M8	11	483	0.989871	False	6.188	2	0.0453	0.10087571884984024	False
TREML2	M1a_vs_M2a	14	702	0.606651	False	0.0	2	1.0	1.0	False
TREML2	M7_vs_M8	14	702	0.606651	False	6.298	2	0.0429	0.09599133226324238	False
F13A1	M1a_vs_M2a	15	777	0.846808	False	0.0	2	1.0	1.0	False
F13A1	M7_vs_M8	15	777	0.846808	False	5.604	2	0.0607	0.13078176197836167	False
CA1	M1a_vs_M2a	11	372	0.307998	False	0.0	2	1.0	1.0	False
CA1	M7_vs_M8	11	372	0.307998	False	2.188	2	0.3349	0.5821079800498753	False
NUP62	M1a_vs_M2a	13	1365	0.571381	False	0.0	2	1.0	1.0	False
NUP62	M7_vs_M8	13	1365	0.571381	False	5.192	2	0.0746	0.15614474474474474	False
GAB3	M1a_vs_M2a	12	1521	0.446262	False	0.0	2	1.0	1.0	False
GAB3	M7_vs_M8	12	1521	0.446262	False	1.062	2	0.5879	0.9409099885189436	False
CCL2	M1a_vs_M2a	14	264	0.653337	False	0.0	2	1.0	1.0	False
CCL2	M7_vs_M8	14	264	0.653337	False	2.086	2	0.3525	0.606639235511714	False
FDCSP	M1a_vs_M2a	10	222	0.750452	False	14.423	2	0.0007	0.0025149484536082477	True
FDCSP	M7_vs_M8	10	222	0.750452	False	14.593	2	0.0007	0.0025149484536082477	True
ITGAM	M1a_vs_M2a	14	3282	0.520962	False	30.386	2	0.0	0.0	True
ITGAM	M7_vs_M8	14	3282	0.520962	False	60.724	2	0.0	0.0	True
IFIT2	M1a_vs_M2a	12	1338	0.54826	False	7.082	2	0.029	0.06840270727580373	False
IFIT2	M7_vs_M8	12	1338	0.54826	False	18.114	2	0.0001	0.00043024691358024695	True
IL13RA2	M1a_vs_M2a	14	984	0.888809	False	48.299	2	0.0	0.0	True
IL13RA2	M7_vs_M8	14	984	0.888809	False	33.198	2	0.0	0.0	True
CCL19	M1a_vs_M2a	13	270	0.602337	False	0.0	2	1.0	1.0	False
CCL19	M7_vs_M8	13	270	0.602337	False	4.662	2	0.0972	0.1986756598240469	False
PML	M1a_vs_M2a	14	2187	0.748219	False	12.325	2	0.0021	0.006839719626168224	True
PML	M7_vs_M8	14	2187	0.748219	False	19.727	2	0.0001	0.00043024691358024695	True
ISG15	M1a_vs_M2a	14	435	0.755461	False	0.0	2	1.0	1.0	False
ISG15	M7_vs_M8	14	435	0.755461	False	1.257	2	0.5334	0.8737480611045828	False
TNFSF13	M1a_vs_M2a	14	702	0.259289	False	0.0	2	1.0	1.0	False
TNFSF13	M7_vs_M8	14	702	0.259289	False	4.792	2	0.0911	0.18758257016248153	False
HCST	M1a_vs_M2a	13	990	0.220283	False	1.718	2	0.4237	0.7150578692493947	False
HCST	M7_vs_M8	13	990	0.220283	False	-0.0	2	1.0	1.0	False
MMP1	M1a_vs_M2a	10	1326	0.341821	False	0.0	2	1.0	1.0	False
MMP1	M7_vs_M8	10	1326	0.341821	False	2.13	2	0.3448	0.5963414392059553	False
MBL2	M1a_vs_M2a	13	699	0.501104	False	10.823	2	0.0045	0.013375266524520256	True
MBL2	M7_vs_M8	13	699	0.501104	False	18.862	2	0.0001	0.00043024691358024695	True
NUP214	M1a_vs_M2a	14	5352	0.374834	False	0.0	2	1.0	1.0	False
NUP214	M7_vs_M8	14	5352	0.374834	False	0.209	2	0.9007	1.0	False
IL12A	M1a_vs_M2a	11	549	0.6883	False	0.0	2	1.0	1.0	False
IL12A	M7_vs_M8	11	549	0.6883	False	-0.0	2	1.0	1.0	False
PRL	M1a_vs_M2a	13	660	0.812577	False	0.0	2	1.0	1.0	False
PRL	M7_vs_M8	13	660	0.812577	False	0.871	2	0.647	1.0	False
MUC1	M1a_vs_M2a	12	279	2.408421	True	204.622	2	0.0	0.0	True
MUC1	M7_vs_M8	12	279	2.408421	True	234.868	2	0.0	0.0	True
TIMD4	M1a_vs_M2a	15	600	0.693252	False	9.501	2	0.0086	0.02355284872298625	True
TIMD4	M7_vs_M8	15	600	0.693252	False	14.576	2	0.0007	0.0025149484536082477	True
TRIM5	M1a_vs_M2a	5	1407	1.004382	True	31.65	2	0.0	0.0	True
TRIM5	M7_vs_M8	5	1407	1.004382	True	34.079	2	0.0	0.0	True
MCL1	M1a_vs_M2a	14	891	0.554319	False	0.0	2	1.0	1.0	False
MCL1	M7_vs_M8	14	891	0.554319	False	-0.002	2	1.0	1.0	False
IL1RL1	M1a_vs_M2a	10	957	0.556254	False	0.0	2	1.0	1.0	False
IL1RL1	M7_vs_M8	10	957	0.556254	False	1.083	2	0.5818	0.9322174712643677	False
DEFB129	M1a_vs_M2a	10	438	1.078389	True	3.18	2	0.204	0.3801818181818181	False
DEFB129	M7_vs_M8	10	438	1.078389	True	5.408	2	0.0669	0.14194224924012158	False
FANCM	M1a_vs_M2a	13	5475	0.544855	False	0.0	2	1.0	1.0	False
FANCM	M7_vs_M8	13	5475	0.544855	False	20.863	2	0.0	0.0	True
C1S	M1a_vs_M2a	14	2007	0.431071	False	46.849	2	0.0	0.0	True
C1S	M7_vs_M8	14	2007	0.431071	False	63.147	2	0.0	0.0	True
ST6GALNAC1	M1a_vs_M2a	15	1317	0.823951	False	18.25	2	0.0001	0.00043024691358024695	True
ST6GALNAC1	M7_vs_M8	15	1317	0.823951	False	18.064	2	0.0001	0.00043024691358024695	True
NKIRAS1	M1a_vs_M2a	15	333	0.67717	False	5.365	2	0.0684	0.14467231467473524	False
NKIRAS1	M7_vs_M8	15	333	0.67717	False	-0.0	2	1.0	1.0	False
IFI35	M1a_vs_M2a	12	621	0.670926	False	2.663	2	0.264	0.47363706563706565	False
IFI35	M7_vs_M8	12	621	0.670926	False	9.997	2	0.0067	0.018868282828282828	True
WFDC8	M1a_vs_M2a	9	636	0.910033	False	6.484	2	0.0391	0.08862666666666667	False
WFDC8	M7_vs_M8	9	636	0.910033	False	7.423	2	0.0244	0.058644137931034485	False
TYK2	M1a_vs_M2a	14	3087	0.560671	False	0.0	2	1.0	1.0	False
TYK2	M7_vs_M8	14	3087	0.560671	False	18.781	2	0.0001	0.00043024691358024695	True
GDF15	M1a_vs_M2a	14	843	0.89468	False	0.0	2	1.0	1.0	False
GDF15	M7_vs_M8	14	843	0.89468	False	0.786	2	0.6749	1.0	False
XCR1	M1a_vs_M2a	15	939	0.459748	False	19.508	2	0.0001	0.00043024691358024695	True
XCR1	M7_vs_M8	15	939	0.459748	False	35.765	2	0.0	0.0	True
CXCL6	M1a_vs_M2a	12	324	0.551261	False	0.0	2	1.0	1.0	False
CXCL6	M7_vs_M8	12	324	0.551261	False	-0.0	2	1.0	1.0	False
MUC16	M1a_vs_M2a	11	633	1.217494	True	386.762	2	0.0	0.0	True
MUC16	M7_vs_M8	11	633	1.217494	True	410.769	2	0.0	0.0	True
APOBEC3H	M1a_vs_M2a	14	402	1.123082	True	29.943	2	0.0	0.0	True
APOBEC3H	M7_vs_M8	14	402	1.123082	True	27.797	2	0.0	0.0	True
HLA-DQA1	M1a_vs_M2a	3	765	0.192147	False	0.704	2	0.70345	1.0	False
HLA-DQA1	M7_vs_M8	3	765	0.192147	False	0.819	2	0.66401	1.0	False
ABCE1	M1a_vs_M2a	13	1632	0.139083	False	0.0	2	0.99999	1.0	False
ABCE1	M7_vs_M8	13	1632	0.139083	False	22.02	2	1.6535e-05	7.920890034364262e-05	True
SUMO1	M1a_vs_M2a	5	303	0.089276	False	0.0	2	0.99995	1.0	False
SUMO1	M7_vs_M8	5	303	0.089276	False	-0.0	2	1.0	1.0	False
HSPA2	M1a_vs_M2a	13	1896	0.327167	False	0.0	2	1.0	1.0	False
HSPA2	M7_vs_M8	13	1896	0.327167	False	0.522	2	0.77015	1.0	False
IFI27	M1a_vs_M2a	3	366	1.979118	True	41.901	2	7.969e-10	3.99596618705036e-09	True
IFI27	M7_vs_M8	3	366	1.979118	True	44.585	2	2.0822e-10	1.0478652707581229e-09	True
UBE2N	M1a_vs_M2a	6	456	0.048409	False	0.001	2	0.9996	1.0	False
UBE2N	M7_vs_M8	6	456	0.048409	False	-0.001	2	1.0	1.0	False
HLA-DRA	M1a_vs_M2a	14	708	0.357929	False	10.641	2	0.0048892	0.014409185623678647	True
HLA-DRA	M7_vs_M8	14	708	0.357929	False	20.102	2	4.3149e-05	0.0002045908367346939	True
HSPA1L	M1a_vs_M2a	13	882	0.262359	False	0.009	2	0.99544	1.0	False
HSPA1L	M7_vs_M8	13	882	0.262359	False	-0.003	2	1.0	1.0	False
MAPK3	M1a_vs_M2a	12	855	0.335261	False	3.255	2	0.19638	0.36647084337349395	False
MAPK3	M7_vs_M8	12	855	0.335261	False	0.102	2	0.95035	1.0	False
TUBB2A	M1a_vs_M2a	7	1278	2.706977	True	186.81	2	0.0	0.0	True
TUBB2A	M7_vs_M8	7	1278	2.706977	True	186.784	2	0.0	0.0	True
UBE2E1	M1a_vs_M2a	7	579	0.276775	False	0.0	2	0.99988	1.0	False
UBE2E1	M7_vs_M8	7	579	0.276775	False	2.912	2	0.23317	0.42494222222222217	False
DUS2	M1a_vs_M2a	12	1341	0.26023	False	0.0	2	1.0	1.0	False
DUS2	M7_vs_M8	12	1341	0.26023	False	5.03	2	0.080862	0.1674912748885587	False
UBE2I	M1a_vs_M2a	8	474	3.173759	True	0.003	2	0.99868	1.0	False
UBE2I	M7_vs_M8	8	474	3.173759	True	48.67	2	2.7011e-11	1.3792430036630037e-10	True
EIF4G3	M1a_vs_M2a	10	4716	0.213411	False	0.0	2	1.0	1.0	False
EIF4G3	M7_vs_M8	10	4716	0.213411	False	0.1	2	0.95113	1.0	False
IP6K2	M1a_vs_M2a	14	489	8.778311	True	2.083	2	0.35293	0.606639235511714	False
IP6K2	M7_vs_M8	14	489	8.778311	True	0.073	2	0.96431	1.0	False
NUP133	M1a_vs_M2a	15	3303	0.429931	False	0.0	2	1.0	1.0	False
NUP133	M7_vs_M8	15	3303	0.429931	False	8.231	2	0.01632	0.04159063985374772	True
TUBB6	M1a_vs_M2a	15	897	0.284074	False	0.003	2	0.9987	1.0	False
TUBB6	M7_vs_M8	15	897	0.284074	False	-0.011	2	1.0	1.0	False
PTPN11	M1a_vs_M2a	13	1764	0.387173	False	10.599	2	0.0049938	0.014655488842105262	True
PTPN11	M7_vs_M8	13	1764	0.387173	False	16.019	2	0.0003323	0.0013349458213256485	True
ARIH1	M1a_vs_M2a	15	1302	0.124163	False	0.0	2	1.0	1.0	False
ARIH1	M7_vs_M8	15	1302	0.124163	False	3.386	2	0.18395	0.3455880053908356	False
SPHK1	M1a_vs_M2a	15	1104	0.679119	False	47.821	2	4.1287e-11	2.1005137956204378e-10	True
SPHK1	M7_vs_M8	15	1104	0.679119	False	56.606	2	5.107e-13	2.62699557195572e-12	True
PSMB8	M1a_vs_M2a	11	750	0.350141	False	2.58	2	0.27533	0.49080565217391303	False
PSMB8	M7_vs_M8	11	750	0.350141	False	4.112	2	0.12796	0.2515884908321579	False
CAMK2D	M1a_vs_M2a	5	1512	0.61071	False	11.186	2	0.0037243	0.011385250438596492	True
CAMK2D	M7_vs_M8	5	1512	0.61071	False	-0.001	2	1.0	1.0	False
EIF4A1	M1a_vs_M2a	11	1188	4.813583	True	2401.276	2	0.0	0.0	True
EIF4A1	M7_vs_M8	11	1188	4.813583	True	2401.333	2	0.0	0.0	True
NUP43	M1a_vs_M2a	15	1062	0.261067	False	0.0	2	1.0	1.0	False
NUP43	M7_vs_M8	15	1062	0.261067	False	-0.0	2	1.0	1.0	False
HLA-F	M1a_vs_M2a	3	1038	0.162213	False	0.216	2	0.89757	1.0	False
HLA-F	M7_vs_M8	3	1038	0.162213	False	0.403	2	0.81764	1.0	False
CHUK	M1a_vs_M2a	15	1602	0.137487	False	0.0	2	1.0	1.0	False
CHUK	M7_vs_M8	15	1602	0.137487	False	-0.001	2	1.0	1.0	False
PLCG1	M1a_vs_M2a	15	3609	0.197679	False	-57.024	2	1.0	1.0	False
PLCG1	M7_vs_M8	15	3609	0.197679	False	-0.014	2	1.0	1.0	False
EIF4E3	M1a_vs_M2a	12	312	0.254921	False	0.0	2	1.0	1.0	False
EIF4E3	M7_vs_M8	12	312	0.254921	False	0.207	2	0.90154	1.0	False
FANCL	M1a_vs_M2a	14	1080	0.338206	False	0.0	2	1.0	1.0	False
FANCL	M7_vs_M8	14	1080	0.338206	False	-0.0	2	1.0	1.0	False
PPM1B	M1a_vs_M2a	15	1053	0.134455	False	0.046	2	0.97746	1.0	False
PPM1B	M7_vs_M8	15	1053	0.134455	False	3.912	2	0.1414	0.2741468706536857	False
TUBA1C	M1a_vs_M2a	8	1347	0.179112	False	0.051	2	0.97494	1.0	False
TUBA1C	M7_vs_M8	8	1347	0.179112	False	3.462	2	0.1771	0.3336181081081081	False
SAMHD1	M1a_vs_M2a	15	489	1.010858	True	33.332	2	5.7822e-08	2.8582931914893616e-07	True
SAMHD1	M7_vs_M8	15	489	1.010858	True	33.603	2	5.049e-08	2.504735231316726e-07	True
NPM1	M1a_vs_M2a	8	633	0.711935	False	0.0	2	1.0	1.0	False
NPM1	M7_vs_M8	8	633	0.711935	False	-0.0	2	1.0	1.0	False
CAMK2A	M1a_vs_M2a	15	1224	0.20619	False	9.557	2	0.0084067	0.023114279684418145	True
CAMK2A	M7_vs_M8	15	1224	0.20619	False	9.316	2	0.0094846	0.025772967641325535	True
TPR	M1a_vs_M2a	15	6903	0.237585	False	0.0	2	1.0	1.0	False
TPR	M7_vs_M8	15	6903	0.237585	False	12.08	2	0.002382	0.007650940092165898	True
PPP2CB	M1a_vs_M2a	12	858	0.174919	False	0.005	2	0.99772	1.0	False
PPP2CB	M7_vs_M8	12	858	0.174919	False	-0.005	2	1.0	1.0	False
EIF4A3	M1a_vs_M2a	12	1197	0.299791	False	0.695	2	0.70658	1.0	False
EIF4A3	M7_vs_M8	12	1197	0.299791	False	0.087	2	0.95765	1.0	False
SOCS3	M1a_vs_M2a	13	666	0.302184	False	0.235	2	0.88924	1.0	False
SOCS3	M7_vs_M8	13	666	0.302184	False	8.627	2	0.013386	0.03500953846153847	True
IFIT5	M1a_vs_M2a	8	1446	0.150002	False	0.0	2	1.0	1.0	False
IFIT5	M7_vs_M8	8	1446	0.150002	False	-0.0	2	1.0	1.0	False
NUP37	M1a_vs_M2a	15	153	0.265407	False	0.0	2	1.0	1.0	False
NUP37	M7_vs_M8	15	153	0.265407	False	1.468	2	0.47996	0.798406014319809	False
NDC1	M1a_vs_M2a	14	1902	0.362144	False	0.0	2	1.0	1.0	False
NDC1	M7_vs_M8	14	1902	0.362144	False	-0.001	2	1.0	1.0	False
NUP93	M1a_vs_M2a	15	2001	0.21343	False	15.029	2	0.00054525	0.0020598333333333337	True
NUP93	M7_vs_M8	15	2001	0.21343	False	17.302	2	0.00017498	0.0007459392048929664	True
IFNA14	M1a_vs_M2a	NA	NA	0.135292	False	0.0	2	1.0	1.0	False
IFNA14	M7_vs_M8	NA	NA	0.135292	False	-0.002	2	1.0	1.0	False
HLA-DQB1	M1a_vs_M2a	6	495	0.799582	False	3.57	2	0.16781	0.3182682176870748	False
HLA-DQB1	M7_vs_M8	6	495	0.799582	False	7.296	2	0.026037	0.062256566037735855	False
IFNA8	M1a_vs_M2a	NA	NA	0.470454	False	57.959	2	2.5968e-13	1.3407182222222222e-12	True
IFNA8	M7_vs_M8	NA	NA	0.470454	False	58.551	2	1.9307e-13	1.0005188847583644e-12	True
TRIM62	M1a_vs_M2a	15	1020	0.238402	False	0.008	2	0.99607	1.0	False
TRIM62	M7_vs_M8	15	1020	0.238402	False	-0.01	2	1.0	1.0	False
TUBA8	M1a_vs_M2a	12	1344	0.272154	False	2.819	2	0.24421	0.44269016905071523	False
TUBA8	M7_vs_M8	12	1344	0.272154	False	7.116	2	0.028494	0.06732311186440677	False
IRF6	M1a_vs_M2a	14	1338	0.33563	False	4.764	2	0.092363	0.18962300736377027	False
IRF6	M7_vs_M8	14	1338	0.33563	False	4.44	2	0.10863	0.2188297976878613	False
MAPK1	M1a_vs_M2a	13	588	0.211047	False	0.004	2	0.99807	1.0	False
MAPK1	M7_vs_M8	13	588	0.211047	False	-0.004	2	1.0	1.0	False
TUBB4A	M1a_vs_M2a	14	1305	2.375413	True	318.277	2	0.0	0.0	True
TUBB4A	M7_vs_M8	14	1305	2.375413	True	381.831	2	0.0	0.0	True
KPNB1	M1a_vs_M2a	14	2568	0.168711	False	0.0	2	1.0	1.0	False
KPNB1	M7_vs_M8	14	2568	0.168711	False	-0.03	2	1.0	1.0	False
CENPS	M1a_vs_M2a	13	264	0.653277	False	2.1	2	0.34991	0.602935154511743	False
CENPS	M7_vs_M8	13	264	0.653277	False	11.026	2	0.0040337	0.01217094761904762	True
EIF2S2	M1a_vs_M2a	11	753	0.15366	False	0.001	2	0.99963	1.0	False
EIF2S2	M7_vs_M8	11	753	0.15366	False	-0.001	2	1.0	1.0	False
PTPN2	M1a_vs_M2a	15	1125	0.182267	False	0.0	2	0.99999	1.0	False
PTPN2	M7_vs_M8	15	1125	0.182267	False	0.823	2	0.66275	1.0	False
NCK1	M1a_vs_M2a	14	936	0.185348	False	0.005	2	0.99756	1.0	False
NCK1	M7_vs_M8	14	936	0.185348	False	-0.002	2	1.0	1.0	False
PPP2CA	M1a_vs_M2a	14	861	0.130197	False	0.0	2	1.0	1.0	False
PPP2CA	M7_vs_M8	14	861	0.130197	False	-0.003	2	1.0	1.0	False
HLA-DRB5	M1a_vs_M2a	3	792	1.606265	True	401.043	2	0.0	0.0	True
HLA-DRB5	M7_vs_M8	3	792	1.606265	True	402.979	2	0.0	0.0	True
KPNA1	M1a_vs_M2a	15	507	0.432211	False	0.0	2	1.0	1.0	False
KPNA1	M7_vs_M8	15	507	0.432211	False	-0.0	2	1.0	1.0	False
HLA-DPA1	M1a_vs_M2a	5	726	0.821964	False	0.0	2	1.0	1.0	False
HLA-DPA1	M7_vs_M8	5	726	0.821964	False	1.225	2	0.54209	0.8838286081871344	False
UBA52	M1a_vs_M2a	11	384	9.999998	True	0.003	2	0.9987	1.0	False
UBA52	M7_vs_M8	11	384	9.999998	True	-0.003	2	1.0	1.0	False
EIF4E2	M1a_vs_M2a	9	639	0.230211	False	7.815	2	0.02009	0.04959185840707964	True
EIF4E2	M7_vs_M8	9	639	0.230211	False	7.927	2	0.018998	0.047207151515151514	True
TRIM46	M1a_vs_M2a	15	1683	0.266305	False	8.093	2	0.017485	0.043917279279279284	True
TRIM46	M7_vs_M8	15	1683	0.266305	False	2.893	2	0.23535	0.4277417209908736	False
CAMK2B	M1a_vs_M2a	14	1428	0.194063	False	4.48	2	0.10646	0.21508005797101448	False
CAMK2B	M7_vs_M8	14	1428	0.194063	False	-0.005	2	1.0	1.0	False
IKBKB	M1a_vs_M2a	15	2082	0.470284	False	45.661	2	1.2156e-10	6.161986909090909e-10	True
IKBKB	M7_vs_M8	15	2082	0.470284	False	40.899	2	1.3152e-09	6.5712860215053765e-09	True
HLA-DQA2	M1a_vs_M2a	3	765	0.192146	False	0.703	2	0.70346	1.0	False
HLA-DQA2	M7_vs_M8	3	765	0.192146	False	0.819	2	0.66405	1.0	False
TUBA3C	M1a_vs_M2a	6	1350	0.301107	False	6.909	2	0.03161	0.0738096147403685	False
TUBA3C	M7_vs_M8	6	1350	0.301107	False	15.444	2	0.00044288	0.0017341986516853933	True
EIF4G2	M1a_vs_M2a	5	2643	0.078774	False	0.002	2	0.99909	1.0	False
EIF4G2	M7_vs_M8	5	2643	0.078774	False	-0.002	2	1.0	1.0	False
GBP7	M1a_vs_M2a	3	1878	0.57505	False	164.579	2	0.0	0.0	True
GBP7	M7_vs_M8	3	1878	0.57505	False	166.941	2	0.0	0.0	True
IRF4	M1a_vs_M2a	15	1239	0.199723	False	0.0	2	1.0	1.0	False
IRF4	M7_vs_M8	15	1239	0.199723	False	-0.021	2	1.0	1.0	False
NUP205	M1a_vs_M2a	11	5991	0.224539	False	0.0	2	1.0	1.0	False
NUP205	M7_vs_M8	11	5991	0.224539	False	5.413	2	0.066778	0.14190325	False
ILF2	M1a_vs_M2a	13	918	0.18572	False	0.432	2	0.80574	1.0	False
ILF2	M7_vs_M8	13	918	0.18572	False	1.598	2	0.44976	0.7535642307692308	False
STAT1	M1a_vs_M2a	15	2037	0.297016	False	18.586	2	9.207e-05	0.00043024691358024695	True
STAT1	M7_vs_M8	15	2037	0.297016	False	23.374	2	8.4033e-06	4.0533564705882356e-05	True
GBP4	M1a_vs_M2a	3	1920	1.503059	True	294.524	2	0.0	0.0	True
GBP4	M7_vs_M8	3	1920	1.503059	True	302.88	2	0.0	0.0	True
TUBB4B	M1a_vs_M2a	13	615	16.195311	True	0.004	2	0.99792	1.0	False
TUBB4B	M7_vs_M8	13	615	16.195311	True	-0.005	2	1.0	1.0	False
IFITM1	M1a_vs_M2a	3	375	0.433129	False	0.0	2	1.0	1.0	False
IFITM1	M7_vs_M8	3	375	0.433129	False	-0.0	2	1.0	1.0	False
NUP85	M1a_vs_M2a	13	1830	0.346468	False	0.0	2	1.0	1.0	False
NUP85	M7_vs_M8	13	1830	0.346468	False	1.394	2	0.498	0.8225260663507109	False
CAMK2G	M1a_vs_M2a	13	1293	0.127459	False	0.006	2	0.99719	1.0	False
CAMK2G	M7_vs_M8	13	1293	0.127459	False	-0.006	2	1.0	1.0	False
JAK1	M1a_vs_M2a	15	3369	0.293508	False	14.622	2	0.00066821	0.0024512756315789477	True
JAK1	M7_vs_M8	15	3369	0.293508	False	4.226	2	0.12088	0.2402763532763533	False
TUBB3	M1a_vs_M2a	14	1026	1.271774	True	255.782	2	0.0	0.0	True
TUBB3	M7_vs_M8	14	1026	1.271774	True	297.337	2	0.0	0.0	True
SEH1L	M1a_vs_M2a	12	624	0.237414	False	0.0	2	1.0	1.0	False
SEH1L	M7_vs_M8	12	624	0.237414	False	7.594	2	0.022437	0.054489857142857145	False
UBC	M1a_vs_M2a	8	1563	0.424188	False	8.78	2	0.012399	0.0326733572778828	True
UBC	M7_vs_M8	8	1563	0.424188	False	8.579	2	0.01371	0.03565623134328358	True
TUBA1B	M1a_vs_M2a	12	1245	0.131176	False	0.001	2	0.99926	1.0	False
TUBA1B	M7_vs_M8	12	1245	0.131176	False	13.544	2	0.0011452	0.00395150693069307	True
IFNA5	M1a_vs_M2a	3	483	6.433205	True	59.224	2	1.3789e-13	7.172338059701492e-13	True
IFNA5	M7_vs_M8	3	483	6.433205	True	62.775	2	2.3315e-14	1.2172700374531835e-13	True
SEC13	M1a_vs_M2a	12	924	0.514706	False	-29.109	2	1.0	1.0	False
SEC13	M7_vs_M8	12	924	0.514706	False	0.524	2	0.76932	1.0	False
AAAS	M1a_vs_M2a	11	1443	0.4116	False	0.0	2	1.0	1.0	False
AAAS	M7_vs_M8	11	1443	0.4116	False	0.791	2	0.67325	1.0	False
IRF2	M1a_vs_M2a	15	1038	0.201881	False	0.0	2	1.0	1.0	False
IRF2	M7_vs_M8	15	1038	0.201881	False	2.52	2	0.28364	0.5043292857142857	False
KPNA2	M1a_vs_M2a	7	1587	0.153986	False	1.705	2	0.42635	0.7186600967351874	False
KPNA2	M7_vs_M8	7	1587	0.153986	False	-0.003	2	1.0	1.0	False
RAF1	M1a_vs_M2a	15	1800	0.204707	False	2.007	2	0.36651	0.6268894969325154	False
RAF1	M7_vs_M8	15	1800	0.204707	False	0.004	2	0.99796	1.0	False
TRIM29	M1a_vs_M2a	15	1467	0.619946	False	0.0	2	1.0	1.0	False
TRIM29	M7_vs_M8	15	1467	0.619946	False	16.957	2	0.00020792	0.0008575162130177516	True
NUP88	M1a_vs_M2a	15	1836	0.348932	False	0.0	2	1.0	1.0	False
NUP88	M7_vs_M8	15	1836	0.348932	False	0.151	2	0.92748	1.0	False
IRF8	M1a_vs_M2a	15	1101	0.425102	False	0.0	2	1.0	1.0	False
IRF8	M7_vs_M8	15	1101	0.425102	False	4.056	2	0.13161	0.25731323983169707	False
NCAM1	M1a_vs_M2a	14	2172	0.290537	False	24.823	2	4.0707e-06	1.9841104195804195e-05	True
NCAM1	M7_vs_M8	14	2172	0.290537	False	31.018	2	1.8387e-07	9.057059363957597e-07	True
TRIM26	M1a_vs_M2a	14	1587	0.397342	False	0.0	2	1.0	1.0	False
TRIM26	M7_vs_M8	14	1587	0.397342	False	3.841	2	0.14654	0.28137294765840226	False
DNAJC3	M1a_vs_M2a	15	1047	0.30861	False	0.0	2	1.0	1.0	False
DNAJC3	M7_vs_M8	15	1047	0.30861	False	8.122	2	0.01723	0.04343330922242314	True
EIF4E	M1a_vs_M2a	9	246	0.380727	False	0.0	2	1.0	1.0	False
EIF4E	M7_vs_M8	9	246	0.380727	False	0.263	2	0.87684	1.0	False
PIAS1	M1a_vs_M2a	15	465	0.55206	False	24.596	2	4.5616e-06	2.207941111111111e-05	True
PIAS1	M7_vs_M8	15	465	0.55206	False	24.784	2	4.1518e-06	2.0165885714285715e-05	True
ILF3	M1a_vs_M2a	14	2538	0.333124	False	2.871	2	0.23797	0.4319403385416667	False
ILF3	M7_vs_M8	14	2538	0.333124	False	-0.003	2	1.0	1.0	False
STAT3	M1a_vs_M2a	15	1845	0.181353	False	0.0	2	0.99977	1.0	False
STAT3	M7_vs_M8	15	1845	0.181353	False	0.006	2	0.99704	1.0	False
TRIM3	M1a_vs_M2a	14	1404	0.202832	False	-21.391	2	1.0	1.0	False
TRIM3	M7_vs_M8	14	1404	0.202832	False	1.75	2	0.41682	0.7042994909090909	False
KPNA3	M1a_vs_M2a	14	1344	0.074091	False	0.0	2	1.0	1.0	False
KPNA3	M7_vs_M8	14	1344	0.074091	False	-0.003	2	1.0	1.0	False
NUP35	M1a_vs_M2a	14	804	0.207214	False	6.619	2	0.036528	0.08361253201970442	False
NUP35	M7_vs_M8	14	804	0.207214	False	12.043	2	0.0024258	0.0077204684931506855	True
NUP155	M1a_vs_M2a	15	2520	0.193954	False	1.008	2	0.60408	0.9622737442922374	False
NUP155	M7_vs_M8	15	2520	0.193954	False	2.423	2	0.29772	0.5260097338403041	False
TUBB2B	M1a_vs_M2a	9	1170	2.521931	True	382.99	2	0.0	0.0	True
TUBB2B	M7_vs_M8	9	1170	2.521931	True	403.504	2	0.0	0.0	True
DHX9	M1a_vs_M2a	15	3402	0.334558	False	64.304	2	1.088e-14	5.723290566037736e-14	True
DHX9	M7_vs_M8	15	3402	0.334558	False	74.37	2	1.1102e-16	5.862192424242425e-16	True
HLA-DPB1	M1a_vs_M2a	6	666	1.208185	True	0.0	2	1.0	1.0	False
HLA-DPB1	M7_vs_M8	6	666	1.208185	True	6.143	2	0.046356	0.10257184761904761	False
TUBA3E	M1a_vs_M2a	3	1248	0.229181	False	0.217	2	0.89701	1.0	False
TUBA3E	M7_vs_M8	3	1248	0.229181	False	1.092	2	0.57931	0.9314396078431373	False
SMAD7	M1a_vs_M2a	14	1191	0.097075	False	0.0	2	1.0	1.0	False
SMAD7	M7_vs_M8	14	1191	0.097075	False	-0.001	2	1.0	1.0	False
UBB	M1a_vs_M2a	12	459	3.327408	True	63.136	2	1.954e-14	1.0240135338345865e-13	True
UBB	M7_vs_M8	12	459	3.327408	True	36.717	2	1.0642e-08	5.298195714285714e-08	True
HSPA8	M1a_vs_M2a	8	711	0.322018	False	0.0	2	1.0	1.0	False
HSPA8	M7_vs_M8	8	711	0.322018	False	0.023	2	0.98833	1.0	False
KPNA4	M1a_vs_M2a	14	1200	0.132373	False	0.0	2	1.0	1.0	False
KPNA4	M7_vs_M8	14	1200	0.132373	False	1.418	2	0.49208	0.8137123606168446	False
NUP58	M1a_vs_M2a	13	618	0.292252	False	12.002	2	0.0024764	0.007863557175398633	True
NUP58	M7_vs_M8	13	618	0.292252	False	14.548	2	0.00069347	0.0025149484536082477	True
EIF2S1	M1a_vs_M2a	14	795	0.157175	False	0.002	2	0.99913	1.0	False
EIF2S1	M7_vs_M8	14	795	0.157175	False	-0.004	2	1.0	1.0	False
TUBA4A	M1a_vs_M2a	15	1323	0.222524	False	0.005	2	0.99757	1.0	False
TUBA4A	M7_vs_M8	15	1323	0.222524	False	6.161	2	0.045929	0.10195067834394904	False
PIN1	M1a_vs_M2a	10	381	7.952498	True	5.578	2	0.061468	0.1322320864197531	False
PIN1	M7_vs_M8	10	381	7.952498	True	4.545	2	0.10304	0.2087758139534884	False
NUP160	M1a_vs_M2a	11	3564	0.187306	False	0.0	2	1.0	1.0	False
NUP160	M7_vs_M8	11	3564	0.187306	False	-0.001	2	1.0	1.0	False
NEDD4	M1a_vs_M2a	13	2196	0.538698	False	44.729	2	1.9371e-10	9.783758695652174e-10	True
NEDD4	M7_vs_M8	13	2196	0.538698	False	51.007	2	8.3926e-12	4.3012075e-11	True
NUP107	M1a_vs_M2a	15	2625	0.222272	False	0.743	2	0.68957	1.0	False
NUP107	M7_vs_M8	15	2625	0.222272	False	18.197	2	0.00011184	0.0004797075692307692	True
PDE12	M1a_vs_M2a	15	1560	0.284187	False	0.0	2	1.0	1.0	False
PDE12	M7_vs_M8	15	1560	0.284187	False	-0.001	2	1.0	1.0	False
JAK2	M1a_vs_M2a	15	3012	0.197018	False	0.0	2	1.0	1.0	False
JAK2	M7_vs_M8	15	3012	0.197018	False	23.049	2	9.8844e-06	4.751328827586207e-05	True
RPS27A	M1a_vs_M2a	9	468	0.149712	False	0.001	2	0.99948	1.0	False
RPS27A	M7_vs_M8	9	468	0.149712	False	-0.001	2	1.0	1.0	False
TUBA3D	M1a_vs_M2a	4	1350	3.455363	True	11.072	2	0.0039431	0.011975340740740739	True
TUBA3D	M7_vs_M8	4	1350	3.455363	True	25.666	2	2.6711e-06	1.3110962676056338e-05	True
TRIM35	M1a_vs_M2a	15	1380	0.698393	False	0.0	2	1.0	1.0	False
TRIM35	M7_vs_M8	15	1380	0.698393	False	-0.003	2	1.0	1.0	False
CDK1	M1a_vs_M2a	14	768	0.382941	False	0.0	2	1.0	1.0	False
CDK1	M7_vs_M8	14	768	0.382941	False	-0.002	2	1.0	1.0	False
TRIM2	M1a_vs_M2a	14	1833	0.169817	False	0.0	2	1.0	1.0	False
TRIM2	M7_vs_M8	14	1833	0.169817	False	2.483	2	0.28891	0.5123925445292621	False
PPP2R1A	M1a_vs_M2a	13	1524	0.195043	False	0.008	2	0.99583	1.0	False
PPP2R1A	M7_vs_M8	13	1524	0.195043	False	-0.031	2	1.0	1.0	False
HLA-E	M1a_vs_M2a	3	1047	0.445972	False	13.222	2	0.0013458	0.004553507766990292	True
HLA-E	M7_vs_M8	3	1047	0.445972	False	13.59	2	0.0011196	0.0038727602977667486	True
TUBA1A	M1a_vs_M2a	12	483	0.431401	False	0.0	2	0.99992	1.0	False
TUBA1A	M7_vs_M8	12	483	0.431401	False	-0.001	2	1.0	1.0	False
NUP188	M1a_vs_M2a	12	4797	0.295767	False	0.0	2	1.0	1.0	False
NUP188	M7_vs_M8	12	4797	0.295767	False	3.019	2	0.22107	0.40709587846763534	False
IFNGR2	M1a_vs_M2a	13	879	0.834868	False	19.694	2	5.2915e-05	0.0002500457966101695	True
IFNGR2	M7_vs_M8	13	879	0.834868	False	25.393	2	3.0623e-06	1.4978407719298246e-05	True
EIF4A2	M1a_vs_M2a	13	747	0.122919	False	0.004	2	0.99821	1.0	False
EIF4A2	M7_vs_M8	13	747	0.122919	False	-0.004	2	1.0	1.0	False
EIF4G1	M1a_vs_M2a	12	4479	0.340026	False	0.0	2	1.0	1.0	False
EIF4G1	M7_vs_M8	12	4479	0.340026	False	8.428	2	0.014787	0.038101807763401115	True
IRF5	M1a_vs_M2a	14	1317	0.422559	False	0.0	2	1.0	1.0	False
IRF5	M7_vs_M8	14	1317	0.422559	False	10.203	2	0.0060862	0.017421278850102667	True
NUP98	M1a_vs_M2a	14	4905	0.201821	False	0.0	2	1.0	1.0	False
NUP98	M7_vs_M8	14	4905	0.201821	False	0.159	2	0.92375	1.0	False
PPP2R1B	M1a_vs_M2a	15	1776	0.224793	False	13.059	2	0.0014598	0.0049035209638554214	True
PPP2R1B	M7_vs_M8	15	1776	0.224793	False	17.077	2	0.00019582	0.0008272997032640949	True
TARBP2	M1a_vs_M2a	15	990	0.357451	False	0.0	2	1.0	1.0	False
TARBP2	M7_vs_M8	15	990	0.357451	False	0.781	2	0.67686	1.0	False
GBP3	M1a_vs_M2a	NA	NA	0.119373	False	2.762	2	0.25134	0.45325738680465716	False
GBP3	M7_vs_M8	NA	NA	0.119373	False	2.762	2	0.25131	0.45325738680465716	False
BECN1	M1a_vs_M2a	14	1308	0.167811	False	6.814	2	0.03314	0.07725277591973245	False
BECN1	M7_vs_M8	14	1308	0.167811	False	-0.001	2	1.0	1.0	False
NUP54	M1a_vs_M2a	15	1347	0.201842	False	0.0	2	1.0	1.0	False
NUP54	M7_vs_M8	15	1347	0.201842	False	-0.011	2	1.0	1.0	False
RANBP2	M1a_vs_M2a	13	1281	0.264012	False	17.478	2	0.00016018	0.000684941472392638	True
RANBP2	M7_vs_M8	13	1281	0.264012	False	20.954	2	2.8172e-05	0.00013403333788395905	True
RAE1	M1a_vs_M2a	NA	NA	0.16774	False	0.0	2	0.99999	1.0	False
RAE1	M7_vs_M8	NA	NA	0.16774	False	-0.0	2	1.0	1.0	False
FLNA	M1a_vs_M2a	13	7632	0.327921	False	-229.877	2	1.0	1.0	False
FLNA	M7_vs_M8	13	7632	0.327921	False	15.552	2	0.00041971	0.0016481006760563383	True
EGR1	M1a_vs_M2a	15	1560	0.37842	False	0.0	2	1.0	1.0	False
EGR1	M7_vs_M8	15	1560	0.37842	False	1.866	2	0.39343	0.668831	False
FLNB	M1a_vs_M2a	15	7641	0.257215	False	6.679	2	0.035448	0.08194778109452737	False
FLNB	M7_vs_M8	15	7641	0.257215	False	9.886	2	0.0071337	0.0198887556	True
NUP210	M1a_vs_M2a	14	4905	0.394913	False	-0.002	2	1.0	1.0	False
NUP210	M7_vs_M8	14	4905	0.394913	False	21.509	2	2.1347e-05	0.00010190999315068493	True
KPNA5	M1a_vs_M2a	14	1593	0.198456	False	0.0	2	1.0	1.0	False
KPNA5	M7_vs_M8	14	1593	0.198456	False	2.384	2	0.30356	0.5342962626262626	False
PTPN6	M1a_vs_M2a	12	1578	0.347808	False	0.0	2	1.0	1.0	False
PTPN6	M7_vs_M8	12	1578	0.347808	False	10.049	2	0.0065743	0.018741460531697344	True
PRKRA	M1a_vs_M2a	13	936	0.174223	False	0.0	2	1.0	1.0	False
PRKRA	M7_vs_M8	13	936	0.174223	False	-0.002	2	1.0	1.0	False
MAP2K6	M1a_vs_M2a	11	921	0.362515	False	-0.0	2	1.0	1.0	False
MAP2K6	M7_vs_M8	11	921	0.362515	False	0.177	2	0.91553	1.0	False
IKBKG	M1a_vs_M2a	13	1119	0.470502	False	0.0	2	1.0	1.0	False
IKBKG	M7_vs_M8	13	1119	0.470502	False	2.603	2	0.27217	0.4866489743589743	False
